# Baseball Manager player database — edit this file; SQLite migration planned
season,pool,teamAbbr,rosterLevel,id,name,role,age,salaryKrw,potential,targetOvr,generated,bats,throws,pa,woba,iso,bbPct,kPct,sb,ip,era,fip,k9,bb9,gs,games,pitchingStyle
2026,roster,KIA,first,41b90879-d455-4a82-b350-6596b8a33730,김도영,SS,23,250000000,94,74,,R,R,311,0.4091,0.28200000000000003,0.13504823151125403,0.15755627009646303,0,,,,,,,,
2026,roster,KIA,first,8daad3a1-eda1-4d64-8eba-e1372ab370f3,나성범,LF,37,800000000,,67,,L,L,275,0.40254999999999996,0.22800000000000004,0.11272727272727273,0.26545454545454544,0,,,,,,,,
2026,roster,KIA,first,c326451c-74cb-455c-a862-167439d0b4c7,최원준,CF,36,550000000,,71,,L,R,520,0.3967857142857143,0.18714285714285717,0.10375000000000001,0.1717857142857143,29,,,,,,,,
2026,roster,KIA,first,3f5ed360-663d-408a-ba50-2b9fa9f5d2aa,변우혁,1B,26,65000000,88,66,,R,R,520,0.39035714285714285,0.18142857142857144,0.10125,0.17535714285714285,11,,,,,,,,
2026,roster,KIA,first,c040e805-6fb8-4746-824a-01cd2eab9794,김석환,DH,27,55000000,,65,,L,L,520,0.3871428571428571,0.17857142857142858,0.1,0.17714285714285716,11,,,,,,,,
2026,roster,KIA,first,4597187a-02be-4c97-b917-d51e54f71392,김선빈,2B,37,600000000,,61,,R,R,277,0.3643,0.068,0.13357400722021662,0.10108303249097472,0,,,,,,,,
2026,roster,KIA,first,382cd74a-c0db-4bb1-9a8c-8e3a0e1900f1,김태군,C,37,600000000,,63,,R,R,520,0.3775,0.16999999999999998,0.09625,0.1825,10,,,,,,,,
2026,roster,KIA,first,4f5991ae-080d-4bca-9a5c-7d26408d4784,최정용,3B,30,45000000,,62,,L,R,520,0.37107142857142855,0.16428571428571428,0.09375000000000001,0.18607142857142855,9,,,,,,,,
2026,roster,KIA,first,8a964275-85b6-4e3d-80e8-c04b8ced6c64,박찬호,SS,32,250000000,,72,,,,520,0.36464285714285716,0.15857142857142859,0.09125000000000001,0.18964285714285714,21,,,,,,,,
2026,roster,KIA,first,01b35e72-d837-4758-8714-8a4fbdbe36e4,윤도현,RF,23,55000000,82,59,,R,R,520,0.36142857142857143,0.15571428571428572,0.09000000000000001,0.19142857142857142,8,,,,,,,,
2026,roster,KIA,first,fcd82fb0-1d4f-41b2-83d6-db871b58d05d,한승택,C,32,150000000,,59,,R,R,520,0.3582142857142857,0.15285714285714286,0.08875000000000001,0.19321428571428573,7,,,,,,,,
2026,roster,KIA,first,6b1755ce-b413-42d8-a314-1bb03b0887c2,오선진,3B,37,80000000,,58,,R,R,380,0.355,0.15,0.08750000000000001,0.195,7,,,,,,,,
2026,roster,KIA,first,49c5473b-2e9b-4b9c-8812-696da458c45f,김규성,2B,29,90000000,,60,,L,R,380,0.35178571428571426,0.14714285714285713,0.08625000000000001,0.19678571428571429,18,,,,,,,,
2026,roster,KIA,first,6e47a7a1-bbdb-482f-97ee-fbf4052fddef,양현종,SP,38,800000000,,70,,L,L,,,,,,,151,3.75,3.757142857142857,11.160714285714286,2.8607142857142858,24,26,overhand
2026,roster,KIA,first,52e29841-1856-4c43-9f4f-319b670297a1,네일,SP,33,16000000000,,68,,R,R,,,,,,,87.33333333333333,3.4,2.76793893129771,6.801526717557253,1.751908396946565,11,15,overhand
2026,roster,KIA,first,7d13135e-6640-4a0b-8391-ee5dfa8e68e4,윤영철,SP,22,100000000,86,68,,L,L,,,,,,,143,4.050000000000001,4.014285714285714,10.196428571428571,3.0964285714285715,23,25,threeQuarter
2026,roster,KIA,first,7617490b-b711-404f-8607-8882b34086a9,황동하,SP,24,80000000,84,67,,R,R,,,,,,,140,4.15,4.1,9.875,3.175,23,25,threeQuarter
2026,roster,KIA,first,75da6154-e155-442d-b5a2-0deee7e5f079,이준영,SP,34,200000000,,65,,L,L,,,,,,,134,4.3500000000000005,4.271428571428571,9.232142857142858,3.3321428571428573,22,24,threeQuarter
2026,roster,KIA,first,ca1d5f45-77f6-4090-955e-454ace427a3a,정해영,RP,25,300000000,,57,,R,R,,,,,,,51,3.95,3.928571428571429,10.517857142857142,3.017857142857143,0,42,overhand
2026,roster,KIA,first,830d8c26-11b7-43a0-8b44-782f71c39c8d,전상현,RP,30,310000000,,56,,R,R,,,,,,,50,4.1000000000000005,4.057142857142857,10.035714285714285,3.1357142857142857,0,41,overhand
2026,roster,KIA,first,78d3d7fa-490e-42cd-8f3b-4737e381fe87,이의욱,RP,28,220000000,,75,,,,,,,,,,49,4.2,4.142857142857143,9.714285714285715,3.2142857142857144,0,41,threeQuarter
2026,roster,KIA,first,77d13500-0ba3-454e-87d8-d2eec59de620,김기훈,RP,26,65000000,,54,,L,L,,,,,,,48,4.25,4.185714285714286,9.553571428571429,3.2535714285714286,0,40,overhand
2026,roster,KIA,first,93dc6b94-9e51-4302-b72f-bbafe5669a6e,김대유,RP,35,70000000,,54,,L,L,,,,,,,48,4.3,4.228571428571429,9.392857142857142,3.2928571428571427,0,40,threeQuarter
2026,roster,KIA,first,461fd51b-5dbe-420a-b5e6-ab2fb6359785,장현식,RP,31,1500000000,,54,,R,R,,,,,,,47,4.3500000000000005,4.271428571428571,9.232142857142858,3.3321428571428573,0,40,threeQuarter
2026,roster,KIA,first,f1a2cb0f-9f4b-4f4a-a58a-ef8fcd415ecb,임기영,RP,33,300000000,,54,,R,,,,,,,,47,4.4,4.314285714285714,9.071428571428571,3.3714285714285714,0,40,sidearm
2026,roster,KIA,first,ee654926-405e-4ccc-b30d-2e9e572d415b,이호민,RP,20,55000000,78,53,,R,R,,,,,,,46,4.5,4.4,8.75,3.45,0,39,threeQuarter
2026,roster,KIA,farm,d7f28ea8-3561-4aac-bd0f-286dd6a5fac0,김정호,SS,21,,80,62,,,,380,0.3325,0.13,0.07875000000000001,0.2075,14,,,,,,,,
2026,roster,KIA,farm,868cc8fb-50e6-4b45-a099-ff7fc5dab9ba,박민,CF,20,,78,58,,,,380,0.3196428571428571,0.11857142857142858,0.07375000000000001,0.21464285714285714,10,,,,,,,,
2026,roster,KIA,farm,7a6f3757-4986-4699-9ccf-fbbfbee6eca4,이재원,C,22,,72,56,,,,380,0.3132142857142857,0.11285714285714286,0.07125000000000001,0.21821428571428572,2,,,,,,,,
2026,roster,KIA,farm,cff7af04-84c6-4e6a-9666-50b9f003b935,최지민,3B,21,,74,55,,,,380,0.31,0.11,0.07,0.22,2,,,,,,,,
2026,roster,KIA,farm,3d00efca-919b-45aa-ab0f-7a19883e5d0c,한준수,RF,20,,76,54,,,,380,0.3067857142857143,0.10714285714285714,0.06875,0.22178571428571428,2,,,,,,,,
2026,roster,KIA,farm,fb69bdb0-93b8-4f6f-8eff-546118706999,박시훈,SP,21,,82,60,,,,,,,,,,117,4.95,4.785714285714286,7.303571428571429,3.8035714285714284,19,23,overhand
2026,roster,KIA,farm,11687f3f-b01e-4510-899d-98d88c2c6855,김민수,SP,22,,79,57,,,,,,,,,,113,5.1000000000000005,4.914285714285715,6.821428571428571,3.9214285714285713,18,22,sidearm
2026,roster,KIA,farm,ae06744b-db89-4642-b486-afdeca1da8a8,이태양,SP,20,,81,55,,,,,,,,,,110,5.2,5,6.5,4,18,22,overhand
2026,roster,KIA,farm,1ee2ca3a-5109-4106-aa77-7ff3a30ca346,정우영,RP,21,,75,53,,,,,,,,,,37,5.3,5.085714285714285,6.178571428571429,4.078571428571428,0,34,threeQuarter
2026,roster,KIA,farm,0c989987-b3a8-4634-8c6c-e768751e562d,오현석,RP,22,,73,52,,,,,,,,,,36,5.3500000000000005,5.128571428571428,6.017857142857143,4.117857142857143,0,34,overhand
2026,roster,KIA,farm,ab5163df-2937-4916-8aa8-73eb72262e67,장현민,2B,19,,77,51,,,,380,0.29714285714285715,0.09857142857142857,0.065,0.22714285714285715,5,,,,,,,,
2026,roster,KIA,farm,4df7efb3-c9e1-4894-9668-e415a21b1847,윤재혁,LF,20,,74,50,,,,380,0.29392857142857143,0.09571428571428571,0.06375,0.22892857142857143,0,,,,,,,,
2026,roster,KIA,farm,b9112854-c8b9-4cfa-ae30-74d6ea3522d2,서재민,RP,19,,72,49,,,,,,,,,,35,5.5,5.257142857142857,5.535714285714286,4.235714285714286,0,33,overhand
2026,roster,KIA,farm,f1d0325c-8e29-4fab-8d77-182635cd2a91,홍길동,1B,21,,70,48,,,,380,0.2875,0.09,0.061250000000000006,0.2325,0,,,,,,,,
2026,roster,KIA,farm,9cce25db-9cbf-468f-92e8-a797444dcb5c,나승우,DH,22,,78,59,,,,380,0.32285714285714284,0.12142857142857143,0.07500000000000001,0.21285714285714286,3,,,,,,,,
2026,roster,KIA,farm,bef03352-01bd-4037-abd5-7169ba967b55,문재윤,SS,19,,82,57,,,,380,0.31642857142857145,0.11571428571428571,0.07250000000000001,0.21642857142857144,10,,,,,,,,
2026,roster,KIA,farm,d029f1eb-926f-4fa3-be7e-a7a8000d9b21,송민준,CF,20,,79,56,,,,380,0.3132142857142857,0.11285714285714286,0.07125000000000001,0.21821428571428572,9,,,,,,,,
2026,roster,KIA,farm,044d2968-b3a0-4bdf-993c-5a0581ae63e7,유태오,C,21,,74,55,,,,380,0.31,0.11,0.07,0.22,2,,,,,,,,
2026,roster,KIA,farm,7cb99e64-0217-4792-8bd1-005f9c401722,배준영,3B,20,,76,54,,,,380,0.3067857142857143,0.10714285714285714,0.06875,0.22178571428571428,2,,,,,,,,
2026,roster,KIA,farm,b7e54419-7832-4bfa-86e3-d6192f7ad32f,강현수,RF,19,,77,53,,,,380,0.30357142857142855,0.10428571428571429,0.0675,0.22357142857142856,1,,,,,,,,
2026,roster,KIA,farm,a19bf9e7-0c5e-4eb1-af0a-5d79647c1770,조윤서,2B,22,,73,52,,,,380,0.3003571428571429,0.10142857142857142,0.06625,0.22535714285714287,6,,,,,,,,
2026,roster,KIA,farm,bc908d03-dad3-4fa3-b86a-022ce9cd97a2,황지훈,SP,21,,81,58,,,,,,,,,,114,5.05,4.871428571428572,6.982142857142857,3.882142857142857,19,22,overhand
2026,roster,KIA,farm,91bed615-ca4f-4d84-9a44-fa4f11bbd066,임도현,SP,20,,80,55,,,,,,,,,,110,5.2,5,6.5,4,18,22,overhand
2026,roster,KIA,farm,b7fc3b4c-5c40-4b11-ac20-c222644d2777,신우빈,RP,19,,72,51,,,,,,,,,,36,5.4,5.171428571428572,5.857142857142858,4.1571428571428575,0,34,overhand
2026,roster,KIA,farm,219b3380-936b-4b53-a233-badea26ccd0c,고영민,RP,22,,71,50,,,,,,,,,,35,5.45,5.214285714285714,5.696428571428571,4.196428571428571,0,34,overhand
2026,roster,KIA,farm,571b09b6-60a6-4356-b385-ac0d2bab847d,류지환,LF,18,,78,49,,,,380,0.2907142857142857,0.09285714285714286,0.0625,0.2307142857142857,0,,,,,,,,
2026,roster,KIA,farm,ba5092b0-3f77-480d-86bc-a3ebbac25cf2,백승호,RP,21,,70,48,,,,,,,,,,34,5.55,5.3,5.375,4.275,0,33,sidearm
2026,roster,KIA,farm,78b24de8-b53e-489b-bbdc-97bb736aefec,전민규,RP,20,,69,47,,,,,,,,,,34,5.6000000000000005,5.3428571428571425,5.214285714285714,4.314285714285714,0,33,threeQuarter
2026,roster,NC,first,49c7a9c1-5660-4abf-a676-5f7a6b0ee921,박민우,2B,33,800000000,,71,,L,R,276,0.44345,0.127,0.13768115942028986,0.11231884057971014,0,,,,,,,,
2026,roster,NC,first,554e7643-82bc-40b6-b900-853775cbedcb,김주원,SS,24,350000000,90,63,,S,R,310,0.4133,0.183,0.08064516129032258,0.12580645161290321,0,,,,,,,,
2026,roster,NC,first,e4caf25a-6cba-44b5-855c-b26297eba065,데이비슨,1B,35,9750000000,,52,,R,R,235,0.36324999999999996,0.173,0.04680851063829787,0.23404255319148937,0,,,,,,,,
2026,roster,NC,first,acf9210f-7a3e-405e-b727-2a9d71f0b43e,김성욱,CF,33,100000000,,70,,R,R,520,0.39035714285714285,0.18142857142857144,0.10125,0.17535714285714285,28,,,,,,,,
2026,roster,NC,first,a39e09ca-5d49-4d48-8c7a-aa558b418479,김형준,C,27,200000000,,64,,R,R,520,0.3839285714285714,0.1757142857142857,0.09875,0.17892857142857144,10,,,,,,,,
2026,roster,NC,first,ed873897-b1a7-44b3-bfb3-94d7a0cd28b4,서호철,3B,30,150000000,,63,,R,R,520,0.3775,0.16999999999999998,0.09625,0.1825,10,,,,,,,,
2026,roster,NC,first,4e7e986b-3f4f-4c11-a2dc-c9415e7d15a9,박건우,RF,36,600000000,,67,,R,R,264,0.3948,0.20900000000000002,0.11742424242424243,0.19696969696969696,0,,,,,,,,
2026,roster,NC,first,62f8dd82-d82c-427c-9229-d2a65bfa980b,김태군,C,37,600000000,,62,,R,R,520,0.37107142857142855,0.16428571428571428,0.09375000000000001,0.18607142857142855,9,,,,,,,,
2026,roster,NC,first,655341e4-887b-4ed2-a8b3-5eb02f14041d,이상호,LF,27,250000000,,72,,,,520,0.36464285714285716,0.15857142857142859,0.09125000000000001,0.18964285714285714,8,,,,,,,,
2026,roster,NC,first,2e97e689-c5ec-4f8c-8b96-a64908d0f228,김한별,SS,25,48000000,,62,,R,R,520,0.3582142857142857,0.15285714285714286,0.08875000000000001,0.19321428571428573,20,,,,,,,,
2026,roster,NC,first,f61be3fd-74ae-4929-8413-e36e42d97bd9,박세혁,C,36,400000000,,58,,L,R,380,0.355,0.15,0.08750000000000001,0.195,7,,,,,,,,
2026,roster,NC,first,efdb1456-4550-4384-a3b6-6f611e3c2a8c,도태훈,2B,33,73000000,,60,,L,R,380,0.35178571428571426,0.14714285714285713,0.08625000000000001,0.19678571428571429,18,,,,,,,,
2026,roster,NC,first,a91398cd-41c0-46b1-ba6d-60f80cdc7453,김태현,RP,28,34000000,,67,,L,L,,,,,,,,,,,,,,threeQuarter
2026,roster,NC,first,5f77faf0-d51e-43d0-8700-510da4df55b1,구창모,SP,29,900000000,,61,,L,L,,,,,,,74.33333333333333,3.51,3.6650224215246636,7.748878923766816,2.663677130044843,10,13,overhand
2026,roster,NC,first,345a9bb9-9223-464c-a132-b3bfe3226524,로건,SP,27,700000000,,82,,,,,,,,,,149,3.8500000000000005,3.842857142857143,10.839285714285715,2.939285714285714,24,26,threeQuarter
2026,roster,NC,first,32f04572-ec2a-4df4-a794-d1991f4eba29,이재학,SP,36,131000000,,68,,R,,,,,,,,143,4.050000000000001,4.014285714285714,10.196428571428571,3.0964285714285715,23,25,overhand
2026,roster,NC,first,70e54085-8453-4e8a-8ea2-8e155e697a73,신민혁,SP,27,190000000,84,66,,R,R,,,,,,,139,4.2,4.142857142857143,9.714285714285715,3.2142857142857144,22,25,overhand
2026,roster,NC,first,f66874ae-6e0b-41f5-a936-5463364f5b1a,김녹두,SP,24,200000000,80,72,,,,,,,,,,134,4.3500000000000005,4.271428571428571,9.232142857142858,3.3321428571428573,22,24,overhand
2026,roster,NC,first,593d7df5-6ae4-461c-8ea7-317001d704db,이용찬,RP,37,100000000,,57,,R,R,,,,,,,51,4,3.9714285714285715,10.357142857142858,3.057142857142857,0,42,overhand
2026,roster,NC,first,c34c4e77-99a9-4741-8a27-78dcd3ab2ecd,김영규,RP,26,200000000,,56,,L,L,,,,,,,50,4.1000000000000005,4.057142857142857,10.035714285714285,3.1357142857142857,0,41,threeQuarter
2026,roster,NC,first,0fa4fa50-eb9e-464e-bfe7-fc3d146cb0d3,김태훈,RP,20,34000000,,54,,R,R,,,,,,,48,4.25,4.185714285714286,9.553571428571429,3.2535714285714286,0,40,threeQuarter
2026,roster,NC,first,7d4c8016-85ab-485c-8d3f-39709f098024,박세웅,C,33,190000000,,47,,R,R,,,,,,,,,,,,,,
2026,roster,NC,first,4a80b8a6-462d-491c-8c44-045ad47d3b74,이준호,RP,26,45000000,,54,,R,R,,,,,,,47,4.4,4.314285714285714,9.071428571428571,3.3714285714285714,0,40,sidearm
2026,roster,NC,first,93f1cd9d-e082-41aa-808d-4a59e49727d8,최성영,RP,29,82000000,,53,,L,L,,,,,,,46,4.5,4.4,8.75,3.45,0,39,overhand
2026,roster,NC,first,c39650a2-89c4-46cd-9ecd-de05176ca674,김재열,RP,30,90000000,76,53,,R,R,,,,,,,45,4.55,4.442857142857143,8.589285714285715,3.4892857142857143,0,39,overhand
2026,roster,NC,first,bd5a385d-2b6b-4e12-8813-192ef37757cb,박민석,RP,37,110000000,75,52,,R,,,,,,,,44,4.6000000000000005,4.485714285714286,8.428571428571429,3.5285714285714285,0,38,overhand
2026,roster,NC,farm,d8efa129-b2d0-4dff-9ebc-aea14e160ea7,이준서,SS,21,,82,61,,,,380,0.3292857142857143,0.12714285714285714,0.07750000000000001,0.2092857142857143,13,,,,,,,,
2026,roster,NC,farm,8856db84-34be-47f6-a42c-6c7adbd25ac0,김민재,CF,20,,79,57,,,,380,0.31642857142857145,0.11571428571428571,0.07250000000000001,0.21642857142857144,10,,,,,,,,
2026,roster,NC,farm,1b80e7f1-a0a3-4840-b74a-bebaebbc34d9,박준영,SP,21,,83,58,,,,,,,,,,114,5.05,4.871428571428572,6.982142857142857,3.882142857142857,19,22,overhand
2026,roster,NC,farm,50553cc5-90d4-47a0-992c-4b34c0b3072e,최우성,C,22,,73,55,,,,380,0.31,0.11,0.07,0.22,2,,,,,,,,
2026,roster,NC,farm,53d3623e-c5c1-4ca6-8fa1-4a7d3a278792,이동현,SP,20,,80,54,,,,,,,,,,109,5.25,5.042857142857143,6.339285714285714,4.039285714285715,18,22,threeQuarter
2026,roster,NC,farm,92689dc4-3ef5-4642-adbb-fe53cd2f4650,한승우,3B,21,,75,53,,,,380,0.30357142857142855,0.10428571428571429,0.0675,0.22357142857142856,1,,,,,,,,
2026,roster,NC,farm,672f9cf4-c7d1-4668-8259-32db454e916c,정태양,RP,22,,72,52,,,,,,,,,,36,5.3500000000000005,5.128571428571428,6.017857142857143,4.117857142857143,0,34,overhand
2026,roster,NC,farm,258839e2-a7ec-4d92-9787-0c4cfb60b2da,오민준,RF,20,,74,51,,,,380,0.29714285714285715,0.09857142857142857,0.065,0.22714285714285715,1,,,,,,,,
2026,roster,NC,farm,25e4fd1c-4561-421b-8ec2-08f870a83a5f,김서준,RP,19,,71,50,,,,,,,,,,35,5.45,5.214285714285714,5.696428571428571,4.196428571428571,0,34,sidearm
2026,roster,NC,farm,fc6d8cda-22d1-485e-bda9-0a6f6d54756a,장현우,2B,21,,73,49,,,,380,0.2907142857142857,0.09285714285714286,0.0625,0.2307142857142857,3,,,,,,,,
2026,roster,NC,farm,9d702243-9e1e-422d-975e-a8c013675d04,윤재민,SP,20,,77,48,,,,,,,,,,100,5.55,5.3,5.375,4.275,17,21,overhand
2026,roster,NC,farm,cb04dad7-c38f-4fe0-af06-a757c34f513f,신동혁,LF,19,,72,47,,,,380,0.2842857142857143,0.08714285714285715,0.060000000000000005,0.2342857142857143,0,,,,,,,,
2026,roster,NC,farm,9bc3194d-303a-400a-bae9-7a2dcdcbdf81,박현우,RP,21,,70,46,,,,,,,,,,33,5.65,5.385714285714286,5.053571428571429,4.353571428571429,0,32,overhand
2026,roster,NC,farm,9df1269b-e209-4c2c-9226-2657be396f8b,김우진,1B,20,,71,45,,,,380,0.27785714285714286,0.08142857142857143,0.05750000000000001,0.23785714285714285,0,,,,,,,,
2026,roster,NC,farm,d122b288-941b-4c00-bf8f-be40ef7c3e87,서민재,DH,22,,77,58,,,,380,0.3196428571428571,0.11857142857142858,0.07375000000000001,0.21464285714285714,3,,,,,,,,
2026,roster,NC,farm,802e55f7-54fd-49ea-b682-c2f6c1795d87,황준혁,SS,19,,81,56,,,,380,0.3132142857142857,0.11285714285714286,0.07125000000000001,0.21821428571428572,9,,,,,,,,
2026,roster,NC,farm,7207d4b8-7de7-4337-a5d2-c8ffd2825a53,노시후,CF,20,,78,55,,,,380,0.31,0.11,0.07,0.22,8,,,,,,,,
2026,roster,NC,farm,145ab093-2aaa-4927-b0f2-61a2417d8c58,민경환,C,21,,73,54,,,,380,0.3067857142857143,0.10714285714285714,0.06875,0.22178571428571428,2,,,,,,,,
2026,roster,NC,farm,bc48be23-e01f-4fcc-a1f9-dd3ed443abec,표승민,3B,20,,75,53,,,,380,0.30357142857142855,0.10428571428571429,0.0675,0.22357142857142856,1,,,,,,,,
2026,roster,NC,farm,e93526eb-0d24-4e05-9c78-b144ceaf8e17,하태양,RF,19,,76,52,,,,380,0.3003571428571429,0.10142857142857142,0.06625,0.22535714285714287,1,,,,,,,,
2026,roster,NC,farm,1030a5f1-b147-4e84-abd8-55734ed53d3c,곽민성,2B,22,,72,51,,,,380,0.29714285714285715,0.09857142857142857,0.065,0.22714285714285715,5,,,,,,,,
2026,roster,NC,farm,a720b502-84e0-4355-9317-e788c003d1b3,최범석,SP,21,,80,57,,,,,,,,,,113,5.1000000000000005,4.914285714285715,6.821428571428571,3.9214285714285713,18,22,overhand
2026,roster,NC,farm,83f7aa86-86d3-414e-b7d1-d84ef6c0276f,김한솔,SP,20,,79,54,,,,,,,,,,109,5.25,5.042857142857143,6.339285714285714,4.039285714285715,18,22,overhand
2026,roster,NC,farm,77e62db6-9bb7-4654-8c7d-3c1161bac31d,이도윤,RP,19,,71,50,,,,,,,,,,35,5.45,5.214285714285714,5.696428571428571,4.196428571428571,0,34,overhand
2026,roster,NC,farm,332a3e24-c637-4e38-a322-a6382317ff01,박성진,RP,22,,70,49,,,,,,,,,,35,5.5,5.257142857142857,5.535714285714286,4.235714285714286,0,33,sidearm
2026,roster,NC,farm,e71b0df4-824d-45c9-9d93-a285d9d7f01d,안재현,LF,18,,77,48,,,,380,0.2875,0.09,0.061250000000000006,0.2325,0,,,,,,,,
2026,roster,NC,farm,60f21da0-e107-40f1-81bb-ae3bf680bdf5,송지후,RP,21,,69,47,,,,,,,,,,34,5.6000000000000005,5.3428571428571425,5.214285714285714,4.314285714285714,0,33,overhand
2026,roster,NC,farm,7e3b861f-a5b0-4de5-a8a5-d398cc022d01,장우성,RP,20,,68,46,,,,,,,,,,33,5.65,5.385714285714286,5.053571428571429,4.353571428571429,0,32,overhand
2026,roster,SSG,first,8d602b8c-7245-4a50-8e94-b84bfbeea05e,최정,3B,39,2200000000,,75,,R,R,246,0.42760000000000004,0.324,0.12601626016260162,0.22357723577235772,0,,,,,,,,
2026,roster,SSG,first,87643c79-ea99-4c5a-8f74-4b674149f732,에레디아,CF,35,8000000000,,55,,R,L,310,0.35075,0.16899999999999998,0.07096774193548387,0.16129032258064516,0,,,,,,,,
2026,roster,SSG,first,79dbf4ac-ea3d-4316-9a4a-b8b670929174,고명준,SS,24,160000000,88,71,,R,R,520,0.3967857142857143,0.18714285714285717,0.10375000000000001,0.1717857142857143,29,,,,,,,,
2026,roster,SSG,first,394d6902-9634-4b81-9c8b-cd99d131ccd3,한유섬,LF,37,900000000,,66,,L,R,520,0.39035714285714285,0.18142857142857144,0.10125,0.17535714285714285,11,,,,,,,,
2026,roster,SSG,first,75321854-f70f-4222-ab9d-72ce61ac9eab,최지훈,RF,29,370000000,,51,,L,R,288,0.30144999999999994,0.18000000000000002,0.06944444444444445,0.13194444444444445,0,,,,,,,,
2026,roster,SSG,first,1146edd2-830e-4879-9234-0d2090377a36,이재원,C,30,320000000,,76,,,,520,0.3775,0.16999999999999998,0.09625,0.1825,10,,,,,,,,
2026,roster,SSG,first,83d06d89-99f3-4687-9a82-8d92d4198b95,박성한,SS,28,420000000,,76,,L,R,313,0.45730000000000004,0.10800000000000004,0.16293929712460065,0.09904153354632587,0,,,,,,,,
2026,roster,SSG,first,4f55d361-94f1-4816-b786-f1acb1b5a796,오태곤,1B,35,500000000,,61,,R,R,520,0.3678571428571429,0.16142857142857142,0.09250000000000001,0.18785714285714286,8,,,,,,,,
2026,roster,SSG,first,d4c6e170-95fe-4c46-beaa-f0735c49d795,김성현,2B,39,250000000,,63,,R,R,520,0.36464285714285716,0.15857142857142859,0.09125000000000001,0.18964285714285714,21,,,,,,,,
2026,roster,SSG,first,bd582243-85f7-4230-9783-7c20cdc93ef9,최준우,DH,27,65000000,,59,,L,R,520,0.36142857142857143,0.15571428571428572,0.09000000000000001,0.19142857142857142,8,,,,,,,,
2026,roster,SSG,first,1414dabc-8674-4be0-83d2-d4f3b689eccb,김강민,CF,44,110000000,,61,,R,R,380,0.355,0.15,0.08750000000000001,0.195,19,,,,,,,,
2026,roster,SSG,first,b28d50f6-e2d9-4eb9-b11f-aec53ceb1cec,이현석,C,34,35000000,,57,,R,R,380,0.35178571428571426,0.14714285714285713,0.08625000000000001,0.19678571428571429,7,,,,,,,,
2026,roster,SSG,first,f41a1e78-26b9-4ad3-ad99-aca435d8680b,정준재,2B,23,130000000,,55,,L,R,273,0.35384999999999994,0.09199999999999997,0.09157509157509157,0.1282051282051282,0,,,,,,,,
2026,roster,SSG,first,dc6eff82-56c2-4180-8155-6d1d04a8f810,김광현,SP,38,1500000000,,70,,L,L,,,,,,,150,3.8000000000000003,3.8,11,2.9,24,26,overhand
2026,roster,SSG,first,f010c878-dbac-4fd0-88b6-54d0bfc85367,앤더슨,SP,32,11500000000,,69,,R,R,,,,,,,149,3.8500000000000005,3.842857142857143,10.839285714285715,2.939285714285714,24,26,overhand
2026,roster,SSG,first,6b510cc9-23ec-4a74-89ce-b9e6f41c351a,문승원,SP,37,800000000,,68,,R,R,,,,,,,144,4,3.9714285714285715,10.357142857142858,3.057142857142857,23,25,threeQuarter
2026,roster,SSG,first,7225af95-5a93-4374-b363-3cc1a70558c3,백승건,SP,26,32000000,84,67,,L,L,,,,,,,140,4.15,4.1,9.875,3.175,23,25,sidearm
2026,roster,SSG,first,84653f03-c6c4-49e6-bdac-501553c51907,송영진,SP,22,60000000,81,65,,S,R,,,,,,,136,4.3,4.228571428571429,9.392857142857142,3.2928571428571427,22,25,sidearm
2026,roster,SSG,first,566093c4-179e-449b-bb1e-64d5ef57534b,김택형,RP,30,150000000,,58,,L,L,,,,,,,52,3.9000000000000004,3.8857142857142857,10.678571428571429,2.9785714285714286,0,42,overhand
2026,roster,SSG,first,474bdc6d-3c10-466f-9421-e845f388da23,서진용,RP,34,180000000,,56,,R,R,,,,,,,50,4.050000000000001,4.014285714285714,10.196428571428571,3.0964285714285715,0,42,overhand
2026,roster,SSG,first,befd3e3c-5d02-4aa1-bb38-e5005688c013,노경은,RP,42,400000000,,55,,R,R,,,,,,,49,4.15,4.1,9.875,3.175,0,41,underhand
2026,roster,SSG,first,25583694-ac12-44af-a60d-9374574f5e56,이로운,RP,22,200000000,,54,,R,R,,,,,,,48,4.25,4.185714285714286,9.553571428571429,3.2535714285714286,0,40,overhand
2026,roster,SSG,first,3b558ad9-fe11-453f-9ee1-eb698997936f,한두솔,RP,29,95000000,,54,,L,L,,,,,,,47,4.3500000000000005,4.271428571428571,9.232142857142858,3.3321428571428573,0,40,threeQuarter
2026,roster,SSG,first,4cdc2eeb-a6af-4ba0-89da-90e93cf45d2d,조병현,RP,24,250000000,,53,,R,R,,,,,,,46,4.45,4.357142857142858,8.910714285714285,3.4107142857142856,0,39,overhand
2026,roster,SSG,first,6e57b8da-84ac-4ec2-aa7e-8378307f71be,김민,RP,27,210000000,,53,,R,R,,,,,,,46,4.5,4.4,8.75,3.45,0,39,threeQuarter
2026,roster,SSG,first,876eeda6-8f9c-450e-8ccd-72bf390cc4ef,박지환,RP,24,120000000,76,68,,,,,,,,,,45,4.55,4.442857142857143,8.589285714285715,3.4892857142857143,0,39,overhand
2026,roster,SSG,farm,5baf9cf1-5690-4cfa-829e-efd63d1f824a,김도윤,SS,21,,81,60,,,,380,0.32607142857142857,0.12428571428571429,0.07625000000000001,0.21107142857142858,12,,,,,,,,
2026,roster,SSG,farm,3db90017-38ef-4b7a-bac9-6858fa7fa211,이서준,CF,20,,79,57,,,,380,0.31642857142857145,0.11571428571428571,0.07250000000000001,0.21642857142857144,10,,,,,,,,
2026,roster,SSG,farm,fcba314d-c480-4de5-926f-7864dde28c15,박민호,SP,21,,83,58,,,,,,,,,,114,5.05,4.871428571428572,6.982142857142857,3.882142857142857,19,22,overhand
2026,roster,SSG,farm,0e3d0111-7272-49f4-8621-91f74ac18283,최재민,C,22,,73,55,,,,380,0.31,0.11,0.07,0.22,2,,,,,,,,
2026,roster,SSG,farm,3cc73eed-dd19-4451-9229-a4e8c9dfe904,김태양,SP,20,,80,54,,,,,,,,,,109,5.25,5.042857142857143,6.339285714285714,4.039285714285715,18,22,overhand
2026,roster,SSG,farm,46651e81-a2e1-4ad3-82fd-4841d3efefe1,한지훈,3B,21,,75,53,,,,380,0.30357142857142855,0.10428571428571429,0.0675,0.22357142857142856,1,,,,,,,,
2026,roster,SSG,farm,7de33bef-6ec8-4790-bc8a-195f06751727,오승민,RP,22,,72,52,,,,,,,,,,36,5.3500000000000005,5.128571428571428,6.017857142857143,4.117857142857143,0,34,underhand
2026,roster,SSG,farm,2a177570-c00e-4085-83c5-8268b152efe5,정우진,RF,20,,74,51,,,,380,0.29714285714285715,0.09857142857142857,0.065,0.22714285714285715,1,,,,,,,,
2026,roster,SSG,farm,caba048d-7644-4900-ad7f-f809f02f4353,이민재,RP,19,,71,50,,,,,,,,,,35,5.45,5.214285714285714,5.696428571428571,4.196428571428571,0,34,overhand
2026,roster,SSG,farm,ed94ceaa-df90-4603-aca5-4b9572d4bd5c,장서연,2B,21,,73,49,,,,380,0.2907142857142857,0.09285714285714286,0.0625,0.2307142857142857,3,,,,,,,,
2026,roster,SSG,farm,d866b078-afb6-4c07-a3d9-79a54ce8de69,윤호준,SP,20,,77,48,,,,,,,,,,100,5.55,5.3,5.375,4.275,17,21,overhand
2026,roster,SSG,farm,bad8632c-1365-4546-ab57-61f4ab816425,신우진,LF,19,,72,47,,,,380,0.2842857142857143,0.08714285714285715,0.060000000000000005,0.2342857142857143,0,,,,,,,,
2026,roster,SSG,farm,493af62a-6848-4ff8-94e2-9b4dbc51e752,박재훈,RP,21,,70,46,,,,,,,,,,33,5.65,5.385714285714286,5.053571428571429,4.353571428571429,0,32,overhand
2026,roster,SSG,farm,b87080dd-64ce-45f9-8c4c-82bcf7194424,김준혁,1B,20,,71,45,,,,380,0.27785714285714286,0.08142857142857143,0.05750000000000001,0.23785714285714285,0,,,,,,,,
2026,roster,SSG,farm,4ea0384d-a618-483b-ab7e-d681c3a10386,김현민,DH,22,,77,58,,,,380,0.3196428571428571,0.11857142857142858,0.07375000000000001,0.21464285714285714,3,,,,,,,,
2026,roster,SSG,farm,e2d2bbc0-e452-4f50-84e3-daffe055aad8,이도현,SS,19,,81,56,,,,380,0.3132142857142857,0.11285714285714286,0.07125000000000001,0.21821428571428572,9,,,,,,,,
2026,roster,SSG,farm,29dafe1b-d305-4aab-baa1-13dec256b8f9,박준혁,CF,20,,78,55,,,,380,0.31,0.11,0.07,0.22,8,,,,,,,,
2026,roster,SSG,farm,136e3e40-a7b7-470b-98dc-9940b3eed579,최민성,C,21,,73,54,,,,380,0.3067857142857143,0.10714285714285714,0.06875,0.22178571428571428,2,,,,,,,,
2026,roster,SSG,farm,2ef87801-f051-4ee8-a601-41b6f1fbcb04,한동욱,3B,20,,75,53,,,,380,0.30357142857142855,0.10428571428571429,0.0675,0.22357142857142856,1,,,,,,,,
2026,roster,SSG,farm,bc613a31-fc5a-4b92-a581-3456d2255426,정태민,RF,19,,76,52,,,,380,0.3003571428571429,0.10142857142857142,0.06625,0.22535714285714287,1,,,,,,,,
2026,roster,SSG,farm,0962038e-399f-4a10-b1b2-09259efcdfae,윤재원,2B,22,,72,51,,,,380,0.29714285714285715,0.09857142857142857,0.065,0.22714285714285715,5,,,,,,,,
2026,roster,SSG,farm,8642cd8d-a612-4f40-a37e-27deddac0791,김승현,SP,21,,80,57,,,,,,,,,,113,5.1000000000000005,4.914285714285715,6.821428571428571,3.9214285714285713,18,22,overhand
2026,roster,SSG,farm,0f6d3d15-fc65-46f9-94c0-cdd0c765a04d,오준서,SP,20,,79,54,,,,,,,,,,109,5.25,5.042857142857143,6.339285714285714,4.039285714285715,18,22,overhand
2026,roster,SSG,farm,60a1a863-a2ed-494f-8ddc-b2a246945d49,배민수,RP,19,,71,50,,,,,,,,,,35,5.45,5.214285714285714,5.696428571428571,4.196428571428571,0,34,threeQuarter
2026,roster,SSG,farm,223b535d-f832-41e1-909a-47e8e3ee94f9,신재원,RP,22,,70,49,,,,,,,,,,35,5.5,5.257142857142857,5.535714285714286,4.235714285714286,0,33,overhand
2026,roster,SSG,farm,cc177508-16da-46b9-b073-9fdc641caaa5,류승민,LF,18,,77,48,,,,380,0.2875,0.09,0.061250000000000006,0.2325,0,,,,,,,,
2026,roster,SSG,farm,1b1dc272-45e1-4b29-89f6-ff892dd860a9,홍성민,RP,21,,69,47,,,,,,,,,,34,5.6000000000000005,5.3428571428571425,5.214285714285714,4.314285714285714,0,33,threeQuarter
2026,roster,SSG,farm,73b96d19-e1b0-4b88-9dea-ef290700f0c1,강태민,RP,20,,68,46,,,,,,,,,,33,5.65,5.385714285714286,5.053571428571429,4.353571428571429,0,32,threeQuarter
2026,roster,키움,first,524b651c-e411-4073-a01a-1c79144c721f,이정후,CF,28,1100000000,92,76,,L,R,520,0.41607142857142854,0.2042857142857143,0.11125000000000002,0.16107142857142856,34,,,,,,,,
2026,roster,키움,first,e4395669-5d1e-4710-b28c-3ed963796894,김혜성,2B,27,650000000,86,70,,L,R,520,0.39035714285714285,0.18142857142857144,0.10125,0.17535714285714285,28,,,,,,,,
2026,roster,키움,first,f5fae5fa-4e5d-4e03-845a-8314ea661eb4,송성문,3B,30,300000000,,64,,L,R,520,0.3839285714285714,0.1757142857142857,0.09875,0.17892857142857144,10,,,,,,,,
2026,roster,키움,first,ba577b5b-e81a-4be4-a53e-4ddbff1f0da6,김웅빈,1B,30,42000000,84,63,,L,R,520,0.3775,0.16999999999999998,0.09625,0.1825,10,,,,,,,,
2026,roster,키움,first,ad413e0d-98ad-4053-a162-560d3031baeb,이용규,LF,41,120000000,,62,,L,L,520,0.37107142857142855,0.16428571428571428,0.09375000000000001,0.18607142857142855,9,,,,,,,,
2026,roster,키움,first,0a6ffb9c-3d35-4126-91eb-7a04b9ab57cb,박동원,C,36,500000000,,69,,R,R,223,0.3751,0.185,0.15695067264573992,0.23766816143497757,0,,,,,,,,
2026,roster,키움,first,f0708870-049d-4d3c-91b6-9b4328141d93,임병욱,SS,31,58000000,,63,,L,R,520,0.36464285714285716,0.15857142857142859,0.09125000000000001,0.18964285714285714,21,,,,,,,,
2026,roster,키움,first,bfa01866-40ee-4502-a7eb-8fc9b9cb862a,김재현,C,33,100000000,,59,,R,R,520,0.36142857142857143,0.15571428571428572,0.09000000000000001,0.19142857142857142,8,,,,,,,,
2026,roster,키움,first,bfc56461-8eff-4556-ae2d-f6d1e8fb833e,박주홍,DH,25,55000000,,59,,L,L,520,0.3582142857142857,0.15285714285714286,0.08875000000000001,0.19321428571428573,7,,,,,,,,
2026,roster,키움,first,23a579ec-f8ec-4a5b-89c1-1625ae3b2e77,김성민,RP,32,90000000,,68,,L,L,,,,,,,,,,,,,,overhand
2026,roster,키움,first,9a38ebfb-b2fe-4c7f-864f-a77cef059cf4,오태곤,1B,35,500000000,,57,,R,R,380,0.3485714285714286,0.1442857142857143,0.085,0.19857142857142857,6,,,,,,,,
2026,roster,키움,first,eec2b96b-bda4-4245-9d40-5752f13c8e99,이재원,SS,24,140000000,78,66,,,,380,0.34535714285714286,0.14142857142857143,0.08375,0.20035714285714284,17,,,,,,,,
2026,roster,키움,first,61f6326a-f50f-4cc2-8351-4f7670033307,김동혁,2B,26,45000000,,58,,L,L,380,0.34214285714285714,0.13857142857142857,0.0825,0.20214285714285715,16,,,,,,,,
2026,roster,키움,first,b40da30a-fd6e-4334-b8b1-68d81fa83649,앤더슨,SP,28,700000000,,81,,,,,,,,,,147,3.9000000000000004,3.8857142857142857,10.678571428571429,2.9785714285714286,24,26,underhand
2026,roster,키움,first,e6c26cf7-5ca4-48b8-bbda-b9bce2bef4c9,하영민,SP,31,210000000,,67,,R,R,,,,,,,141,4.1000000000000005,4.057142857142857,10.035714285714285,3.1357142857142857,23,25,sidearm
2026,roster,키움,first,bff39af4-891a-4ca5-abfa-94e572e995c3,김민,SP,26,280000000,,74,,,,,,,,,,137,4.25,4.185714285714286,9.553571428571429,3.2535714285714286,22,25,overhand
2026,roster,키움,first,58291a26-05df-4690-b556-61ece6157a91,이로운,SP,22,200000000,80,65,,R,R,,,,,,,134,4.3500000000000005,4.271428571428571,9.232142857142858,3.3321428571428573,22,24,overhand
2026,roster,키움,first,6d57edd0-f66c-4bf8-96ca-3de00581be22,박윤성,SP,22,60000000,78,64,,R,R,,,,,,,131,4.45,4.357142857142858,8.910714285714285,3.4107142857142856,21,24,overhand
2026,roster,키움,first,1546330c-7618-4c22-94b8-3613bf49ef7b,조영우,RP,30,260000000,,76,,,,,,,,,,49,4.15,4.1,9.875,3.175,0,41,sidearm
2026,roster,키움,first,4f4d1cdb-0268-4706-84f3-3c7446b163b5,김성훈,RP,29,230000000,,74,,,,,,,,,,48,4.25,4.185714285714286,9.553571428571429,3.2535714285714286,0,40,threeQuarter
2026,roster,키움,first,c1d5cc35-adf8-43ec-a617-c2199e69c39b,원종현,RP,39,500000000,,54,,R,,,,,,,,47,4.3500000000000005,4.271428571428571,9.232142857142858,3.3321428571428573,0,40,underhand
2026,roster,키움,first,3a48117b-fabe-413c-8712-86be1702e0a0,이태양,RP,19,30000000,,54,,R,R,,,,,,,47,4.4,4.314285714285714,9.071428571428571,3.3714285714285714,0,40,threeQuarter
2026,roster,키움,first,1eb433b7-492a-4b92-9141-f0dd1cef951f,박상원,RP,26,150000000,,69,,,,,,,,,,46,4.5,4.4,8.75,3.45,0,39,overhand
2026,roster,키움,first,72e2e45a-77dd-48e9-9c58-c0421f88a097,김재윤,RP,36,800000000,,53,,R,R,,,,,,,45,4.55,4.442857142857143,8.589285714285715,3.4892857142857143,0,39,overhand
2026,roster,키움,first,242b5028-1c8b-4974-afe7-b07429381210,최원준,RP,24,120000000,,67,,,,,,,,,,44,4.6000000000000005,4.485714285714286,8.428571428571429,3.5285714285714285,0,38,overhand
2026,roster,키움,first,563104fb-3984-469f-9670-59470ae0ccb8,이민우,RP,33,56000000,74,52,,R,R,,,,,,,44,4.65,4.5285714285714285,8.267857142857142,3.567857142857143,0,38,overhand
2026,roster,키움,farm,ddda7209-82d9-445a-81e6-e813bef8f107,박준서,SS,21,,80,58,,,,380,0.3196428571428571,0.11857142857142858,0.07375000000000001,0.21464285714285714,10,,,,,,,,
2026,roster,키움,farm,915d1534-0065-46a7-b4a8-b848a1d27424,김민수,CF,20,,78,55,,,,380,0.31,0.11,0.07,0.22,8,,,,,,,,
2026,roster,키움,farm,adb2c2d4-9d71-458d-ade6-6e18be4faf12,이태민,SP,21,,82,56,,,,,,,,,,111,5.15,4.957142857142857,6.660714285714286,3.960714285714286,18,22,overhand
2026,roster,키움,farm,bc185ece-477c-4994-8b3e-254ac48c2725,최동현,C,22,,72,54,,,,380,0.3067857142857143,0.10714285714285714,0.06875,0.22178571428571428,2,,,,,,,,
2026,roster,키움,farm,ee18170e-892f-4254-b3bc-de082f87170c,정우성,SP,20,,79,53,,,,,,,,,,107,5.3,5.085714285714285,6.178571428571429,4.078571428571428,18,22,overhand
2026,roster,키움,farm,86951ad2-c806-4a06-80bc-eb53cd33d405,한승민,3B,21,,74,52,,,,380,0.3003571428571429,0.10142857142857142,0.06625,0.22535714285714287,1,,,,,,,,
2026,roster,키움,farm,08c8f547-4296-4a0e-96ab-18cba3093287,오민재,RP,22,,71,51,,,,,,,,,,36,5.4,5.171428571428572,5.857142857142858,4.1571428571428575,0,34,sidearm
2026,roster,키움,farm,835826ac-9a2e-4fc1-8b08-68d08bd9cd3e,윤서진,RF,20,,73,50,,,,380,0.29392857142857143,0.09571428571428571,0.06375,0.22892857142857143,0,,,,,,,,
2026,roster,키움,farm,b0f44783-b93a-4261-9f63-5b43f299d726,김도현,RP,19,,70,49,,,,,,,,,,35,5.5,5.257142857142857,5.535714285714286,4.235714285714286,0,33,overhand
2026,roster,키움,farm,ab8bd43b-a982-4872-a614-3cb10f70a288,장민우,2B,21,,72,48,,,,380,0.2875,0.09,0.061250000000000006,0.2325,3,,,,,,,,
2026,roster,키움,farm,224cf91b-757f-46dd-8f1a-413bf7840380,박서준,SP,20,,76,47,,,,,,,,,,99,5.6000000000000005,5.3428571428571425,5.214285714285714,4.314285714285714,16,21,overhand
2026,roster,키움,farm,a7a37858-13d0-42e8-980f-8e3dd571155a,신재훈,LF,19,,71,46,,,,380,0.2810714285714286,0.08428571428571428,0.058750000000000004,0.23607142857142857,0,,,,,,,,
2026,roster,키움,farm,8c63ffb2-ccf5-4fb6-ba85-1e75538a4949,이준호,RP,21,,69,45,,,,,,,,,,33,5.7,5.428571428571429,4.892857142857142,4.392857142857143,0,32,sidearm
2026,roster,키움,farm,a5eb28e7-7ff8-40ec-a365-2c341d90ce0b,김우성,1B,20,,70,44,,,,380,0.27464285714285713,0.07857142857142857,0.05625000000000001,0.23964285714285716,0,,,,,,,,
2026,roster,키움,farm,9dcf59d0-5ddd-478d-bf48-dad3bce2bb3c,김태연,DH,22,,76,57,,,,380,0.31642857142857145,0.11571428571428571,0.07250000000000001,0.21642857142857144,3,,,,,,,,
2026,roster,키움,farm,9ce21ae5-0669-4fe5-a3ba-37e7a84ecee5,이성민,SS,19,,80,55,,,,380,0.31,0.11,0.07,0.22,8,,,,,,,,
2026,roster,키움,farm,d16a732d-fabd-46c7-899a-e7744a17e13c,박지후,CF,20,,77,54,,,,380,0.3067857142857143,0.10714285714285714,0.06875,0.22178571428571428,7,,,,,,,,
2026,roster,키움,farm,a6f202c0-5450-4095-8b99-15b9f39e4a1f,최우빈,C,21,,72,53,,,,380,0.30357142857142855,0.10428571428571429,0.0675,0.22357142857142856,1,,,,,,,,
2026,roster,키움,farm,aed1b164-5453-47db-9401-508900aceb87,한재민,3B,20,,74,52,,,,380,0.3003571428571429,0.10142857142857142,0.06625,0.22535714285714287,1,,,,,,,,
2026,roster,키움,farm,5dca7240-1c69-4ce9-9bd5-24cae7f83a24,정하늘,RF,19,,75,51,,,,380,0.29714285714285715,0.09857142857142857,0.065,0.22714285714285715,1,,,,,,,,
2026,roster,키움,farm,20052a4f-c023-4a51-a8ac-3937bd1826bd,윤도윤,2B,22,,71,50,,,,380,0.29392857142857143,0.09571428571428571,0.06375,0.22892857142857143,4,,,,,,,,
2026,roster,키움,farm,61d14f77-d020-4b66-815f-36283ddee834,김민재,SP,21,,79,56,,,,,,,,,,111,5.15,4.957142857142857,6.660714285714286,3.960714285714286,18,22,overhand
2026,roster,키움,farm,0bbc8f66-495e-497f-868e-fce2d356ae0c,오승준,SP,20,,78,53,,,,,,,,,,107,5.3,5.085714285714285,6.178571428571429,4.078571428571428,18,22,overhand
2026,roster,키움,farm,99986e15-8ba8-4798-bb77-2ce69a854ac7,배성훈,RP,19,,70,49,,,,,,,,,,35,5.5,5.257142857142857,5.535714285714286,4.235714285714286,0,33,overhand
2026,roster,키움,farm,be0b4981-f77d-4274-af8b-ec385c1e339c,신우진,RP,22,,69,48,,,,,,,,,,34,5.55,5.3,5.375,4.275,0,33,threeQuarter
2026,roster,키움,farm,375a11a5-d145-4043-ac80-754257d5736c,장민성,LF,18,,76,47,,,,380,0.2842857142857143,0.08714285714285715,0.060000000000000005,0.2342857142857143,0,,,,,,,,
2026,roster,키움,farm,7caef236-3b37-4219-8236-bc68509f71e6,류태양,RP,21,,68,46,,,,,,,,,,33,5.65,5.385714285714286,5.053571428571429,4.353571428571429,0,32,overhand
2026,roster,키움,farm,ab3db9a6-2972-4391-9b28-e48fa001858d,홍준영,RP,20,,67,45,,,,,,,,,,33,5.7,5.428571428571429,4.892857142857142,4.392857142857143,0,32,overhand
2026,roster,KT,first,4904fb4e-963b-41f4-9c0e-5b8ea8adb8bb,강백호,1B,27,900000000,91,69,,L,R,289,0.41964999999999997,0.26599999999999996,0.10726643598615918,0.21107266435986158,0,,,,,,,,
2026,roster,KT,first,e379024a-7f7e-4cba-b6d7-8a0b49afb336,알몬테,LF,37,5250000000,,68,,S,R,520,0.40321428571428575,0.19285714285714287,0.10625000000000001,0.1682142857142857,12,,,,,,,,
2026,roster,KT,first,ce771352-0254-41f9-8c59-9c84071063e0,김상수,2B,36,400000000,,63,,R,R,240,0.3874,0.05,0.1375,0.1125,0,,,,,,,,
2026,roster,KT,first,e8a04edc-5165-4ff8-97bb-9da29b63b51a,장성우,C,36,300000000,,65,,R,R,520,0.3871428571428571,0.17857142857142858,0.1,0.17714285714285716,11,,,,,,,,
2026,roster,KT,first,65628c12-1f5a-4f88-925f-e5d7068c451a,배정대,CF,31,260000000,,68,,R,R,520,0.3839285714285714,0.1757142857142857,0.09875,0.17892857142857144,26,,,,,,,,
2026,roster,KT,first,ebbf1d9a-d2ff-4121-a057-dad2ab8dcf13,오윤석,3B,34,135000000,,63,,R,R,520,0.3775,0.16999999999999998,0.09625,0.1825,10,,,,,,,,
2026,roster,KT,first,0e0f608e-a4ed-446d-bba7-ac2563834341,황재균,3B,39,500000000,,62,,R,R,520,0.3742857142857143,0.16714285714285715,0.095,0.18428571428571427,9,,,,,,,,
2026,roster,KT,first,18a651b5-3c6b-46eb-9d77-9a37a446b838,김민혁,RF,31,290000000,,61,,L,R,520,0.3678571428571429,0.16142857142857142,0.09250000000000001,0.18785714285714286,8,,,,,,,,
2026,roster,KT,first,4f646440-e1f6-41b3-8e7a-2619441f8544,조용호,DH,37,150000000,,60,,L,R,520,0.36464285714285716,0.15857142857142859,0.09125000000000001,0.18964285714285714,8,,,,,,,,
2026,roster,KT,first,d0937be5-db8c-49de-b92d-df78dfcd6bf2,심우준,SS,31,400000000,,58,,R,R,222,0.352,0.08000000000000002,0.11711711711711711,0.16666666666666666,0,,,,,,,,
2026,roster,KT,first,a5507c69-6f7c-4a98-90a5-d2f7e0fc6c87,김현수,C,38,800000000,,58,,L,R,314,0.3666,0.11500000000000005,0.09872611464968153,0.10828025477707007,0,,,,,,,,
2026,roster,KT,first,3ef85ee0-61c1-46dd-9311-666e4ddb002f,박경수,2B,42,160000000,,60,,R,R,380,0.35178571428571426,0.14714285714285713,0.08625000000000001,0.19678571428571429,18,,,,,,,,
2026,roster,KT,first,14c277d7-a58d-4c9e-8ef1-4223accf6f84,이상동,RP,31,100000000,,67,,R,R,,,,,,,,,,,,,,sidearm
2026,roster,KT,first,c1419e6d-ef9e-4662-9128-6342b31bacb9,고영표,SP,35,2600000000,,66,,R,,,,,,,,74,4.38,2.8027027027027027,9.85135135135135,1.4594594594594594,10,13,underhand
2026,roster,KT,first,66ebbd04-1ccb-42fb-accf-6db06793dc5a,쿠에바스,SP,36,10000000000,,70,,S,R,,,,,,,150,3.8000000000000003,3.8,11,2.9,24,26,underhand
2026,roster,KT,first,1e24e042-9742-49fe-9d03-33195c31e2a8,소형준,SP,25,330000000,,68,,R,R,,,,,,,144,4,3.9714285714285715,10.357142857142858,3.057142857142857,23,25,threeQuarter
2026,roster,KT,first,d77437e2-99d6-4e10-8a64-23ca8769a23f,주권,SP,31,150000000,83,67,,R,R,,,,,,,140,4.15,4.1,9.875,3.175,23,25,threeQuarter
2026,roster,KT,first,9e99b67e-a50c-429b-9845-f306060cc4ce,유준규,SP,24,34000000,80,65,,L,R,,,,,,,136,4.3,4.228571428571429,9.392857142857142,3.2928571428571427,22,25,threeQuarter
2026,roster,KT,first,3e2e9886-0e9c-4aa3-a509-bd851712e472,박영현,RP,23,300000000,,57,,R,R,,,,,,,51,3.95,3.928571428571429,10.517857142857142,3.017857142857143,0,42,overhand
2026,roster,KT,first,43075f96-e695-4ecb-bc60-64f8b8a6f924,김재윤,RP,36,800000000,,56,,R,R,,,,,,,50,4.050000000000001,4.014285714285714,10.196428571428571,3.0964285714285715,0,42,threeQuarter
2026,roster,KT,first,993d8e3c-443c-4869-bb7a-0b406dbd9e6e,이상화,RP,38,40000000,,55,,R,R,,,,,,,49,4.2,4.142857142857143,9.714285714285715,3.2142857142857144,0,41,threeQuarter
2026,roster,KT,first,501c404d-1331-4bf0-82c2-af5d881ebc63,박시영,RP,37,50000000,,54,,R,R,,,,,,,48,4.3,4.228571428571429,9.392857142857142,3.2928571428571427,0,40,threeQuarter
2026,roster,KT,first,19e62763-af59-43bd-9f6c-a76224540015,김민석,C,21,32000000,,47,,R,R,,,,,,,,,,,,,,
2026,roster,KT,first,22916b35-8631-4561-af75-98f6c7513327,오유진,RP,26,150000000,,69,,,,,,,,,,46,4.5,4.4,8.75,3.45,0,39,overhand
2026,roster,KT,first,c79e323b-41ce-481f-a56d-7f4dae610b34,박준영,RP,25,130000000,,68,,,,,,,,,,45,4.55,4.442857142857143,8.589285714285715,3.4892857142857143,0,39,threeQuarter
2026,roster,KT,first,be1348e9-25ea-47dd-bb87-bdd1503c1e78,이호민,RP,20,55000000,75,52,,R,R,,,,,,,44,4.6000000000000005,4.485714285714286,8.428571428571429,3.5285714285714285,0,38,threeQuarter
2026,roster,KT,farm,9c5fbec4-8f16-4eab-ae87-a402628c5490,김준서,SS,21,,81,60,,,,380,0.32607142857142857,0.12428571428571429,0.07625000000000001,0.21107142857142858,12,,,,,,,,
2026,roster,KT,farm,2194d643-dbab-4351-b9f6-001b70c30f9c,이민준,CF,20,,79,57,,,,380,0.31642857142857145,0.11571428571428571,0.07250000000000001,0.21642857142857144,10,,,,,,,,
2026,roster,KT,farm,99816010-80b4-4294-8969-7f0ca3f3cc61,박태양,SP,21,,83,58,,,,,,,,,,114,5.05,4.871428571428572,6.982142857142857,3.882142857142857,19,22,threeQuarter
2026,roster,KT,farm,0ab25b7f-4d3a-458e-ade2-4d1d989b1e5c,최민호,C,22,,73,55,,,,380,0.31,0.11,0.07,0.22,2,,,,,,,,
2026,roster,KT,farm,00717f99-52c1-4c16-a12c-d0126c2da195,김서준,SP,20,,80,54,,,,,,,,,,109,5.25,5.042857142857143,6.339285714285714,4.039285714285715,18,22,threeQuarter
2026,roster,KT,farm,f69ea7e2-80b9-4add-b535-620c5f66d11e,한지우,3B,21,,75,53,,,,380,0.30357142857142855,0.10428571428571429,0.0675,0.22357142857142856,1,,,,,,,,
2026,roster,KT,farm,cccefd82-818f-4a67-8a17-e45aa43e1700,오태민,RP,22,,72,52,,,,,,,,,,36,5.3500000000000005,5.128571428571428,6.017857142857143,4.117857142857143,0,34,overhand
2026,roster,KT,farm,8781e536-56c2-4ec0-8ec1-44189317391e,정민재,RF,20,,74,51,,,,380,0.29714285714285715,0.09857142857142857,0.065,0.22714285714285715,1,,,,,,,,
2026,roster,KT,farm,20afd6b9-313d-4726-a1e2-c19c120d5977,윤서영,RP,19,,71,50,,,,,,,,,,35,5.45,5.214285714285714,5.696428571428571,4.196428571428571,0,34,overhand
2026,roster,KT,farm,76e90fea-8041-4f9a-93f2-0aca10146f6e,장우진,2B,21,,73,49,,,,380,0.2907142857142857,0.09285714285714286,0.0625,0.2307142857142857,3,,,,,,,,
2026,roster,KT,farm,9f2108ae-9b5e-49d1-be92-3fb06156ea44,신동욱,SP,20,,77,48,,,,,,,,,,100,5.55,5.3,5.375,4.275,17,21,overhand
2026,roster,KT,farm,bcfc8625-504f-4aab-a404-ec1daab5cb97,박재민,LF,19,,72,47,,,,380,0.2842857142857143,0.08714285714285715,0.060000000000000005,0.2342857142857143,0,,,,,,,,
2026,roster,KT,farm,0a5c7ff7-6420-467f-b963-0aadca0b814c,김태우,RP,21,,70,46,,,,,,,,,,33,5.65,5.385714285714286,5.053571428571429,4.353571428571429,0,32,threeQuarter
2026,roster,KT,farm,4d38cc00-6887-498f-8b90-e7efa721dc9d,이우진,1B,20,,71,45,,,,380,0.27785714285714286,0.08142857142857143,0.05750000000000001,0.23785714285714285,0,,,,,,,,
2026,roster,KT,farm,8ae77c9c-b537-4de5-a177-acf0343874b1,배재훈,DH,22,,77,58,,,,380,0.3196428571428571,0.11857142857142858,0.07375000000000001,0.21464285714285714,3,,,,,,,,
2026,roster,KT,farm,972c93d3-2534-4326-9cfb-e5509d35e40d,송우진,SS,19,,81,56,,,,380,0.3132142857142857,0.11285714285714286,0.07125000000000001,0.21821428571428572,9,,,,,,,,
2026,roster,KT,farm,478ed98f-213c-4374-80d4-57a64c2e4113,임성민,CF,20,,78,55,,,,380,0.31,0.11,0.07,0.22,8,,,,,,,,
2026,roster,KT,farm,eff766c7-8950-4a4e-b926-144d5b439e01,황도현,C,21,,73,54,,,,380,0.3067857142857143,0.10714285714285714,0.06875,0.22178571428571428,2,,,,,,,,
2026,roster,KT,farm,0ace10b0-f5be-4a5e-85e2-83ab11cf6239,민준혁,3B,20,,75,53,,,,380,0.30357142857142855,0.10428571428571429,0.0675,0.22357142857142856,1,,,,,,,,
2026,roster,KT,farm,eb0e8010-317d-4ec5-93a8-b3a37297a70b,표지민,RF,19,,76,52,,,,380,0.3003571428571429,0.10142857142857142,0.06625,0.22535714285714287,1,,,,,,,,
2026,roster,KT,farm,c5a0968f-2dde-4a82-8118-6c72b73a0294,고태민,2B,22,,72,51,,,,380,0.29714285714285715,0.09857142857142857,0.065,0.22714285714285715,5,,,,,,,,
2026,roster,KT,farm,c83d8783-d8de-4697-932e-991a5b10a62e,나균안,SP,21,,80,57,,,,,,,,,,113,5.1000000000000005,4.914285714285715,6.821428571428571,3.9214285714285713,18,22,threeQuarter
2026,roster,KT,farm,20499ced-6aed-446c-9702-f4f1b4af610b,유승민,SP,20,,79,54,,,,,,,,,,109,5.25,5.042857142857143,6.339285714285714,4.039285714285715,18,22,threeQuarter
2026,roster,KT,farm,1d7999a7-e8fa-40f4-aac6-1981c7e2d037,차민호,RP,19,,71,50,,,,,,,,,,35,5.45,5.214285714285714,5.696428571428571,4.196428571428571,0,34,threeQuarter
2026,roster,KT,farm,aaa202c9-0616-4454-9b92-c8aeaa9b93ba,허태양,RP,22,,70,49,,,,,,,,,,35,5.5,5.257142857142857,5.535714285714286,4.235714285714286,0,33,threeQuarter
2026,roster,KT,farm,88440e1a-10d5-45c6-a9f8-85bc3784c861,신동현,LF,18,,77,48,,,,380,0.2875,0.09,0.061250000000000006,0.2325,0,,,,,,,,
2026,roster,KT,farm,b91c1f5d-a03f-49a5-9dcf-a744882c41a7,조민재,RP,21,,69,47,,,,,,,,,,34,5.6000000000000005,5.3428571428571425,5.214285714285714,4.314285714285714,0,33,threeQuarter
2026,roster,KT,farm,be572fe9-8784-4b50-8f7c-3c7697d2d4c6,강우성,RP,20,,68,46,,,,,,,,,,33,5.65,5.385714285714286,5.053571428571429,4.353571428571429,0,32,sidearm
2026,roster,두산,first,7dc29782-9c28-4ee1-96a1-cbe461400a79,양의지,C,39,4200000000,,57,,R,R,273,0.35675,0.174,0.08058608058608059,0.11721611721611722,0,,,,,,,,
2026,roster,두산,first,69a7c309-40b7-4c18-9c29-b5dddb5448b0,김재환,LF,38,500000000,,67,,L,R,251,0.34945000000000004,0.17800000000000002,0.1593625498007968,0.2908366533864542,0,,,,,,,,
2026,roster,두산,first,2d268398-88ef-4c32-a942-9de1779e5b1a,케이브,CF,34,8000000000,,71,,L,L,520,0.3967857142857143,0.18714285714285717,0.10375000000000001,0.1717857142857143,29,,,,,,,,
2026,roster,두산,first,e238ae9c-124a-4bbb-a52f-b793b6043d3f,양석환,1B,35,300000000,,66,,R,R,520,0.39035714285714285,0.18142857142857144,0.10125,0.17535714285714285,11,,,,,,,,
2026,roster,두산,first,75ed4655-f250-4bd2-a51f-f9ce17b10965,김재호,SS,41,400000000,,68,,R,R,520,0.3839285714285714,0.1757142857142857,0.09875,0.17892857142857144,26,,,,,,,,
2026,roster,두산,first,b6064f92-1e43-4173-a396-8386209885f5,허경민,3B,36,700000000,,64,,R,R,520,0.3807142857142857,0.17285714285714288,0.0975,0.18071428571428572,10,,,,,,,,
2026,roster,두산,first,70627841-8d69-44c2-87f8-c8577653fab8,박계범,2B,30,77000000,,66,,R,R,520,0.3742857142857143,0.16714285714285715,0.095,0.18428571428571427,24,,,,,,,,
2026,roster,두산,first,fe1520a6-82b4-4d2b-8e24-4e37d594f86f,김민석,RF,22,81000000,,58,,L,R,230,0.368,0.11300000000000004,0.1,0.1782608695652174,0,,,,,,,,
2026,roster,두산,first,be882ef6-7130-4b01-af8e-099e6a985524,강승호,2B,32,298000000,82,63,,R,R,520,0.36464285714285716,0.15857142857142859,0.09125000000000001,0.18964285714285714,21,,,,,,,,
2026,roster,두산,first,3f169e6b-4cab-4801-aeb8-a2e6a572b089,김인태,DH,32,87000000,,59,,L,L,520,0.36142857142857143,0.15571428571428572,0.09000000000000001,0.19142857142857142,8,,,,,,,,
2026,roster,두산,first,8e6df2d7-c687-420b-a905-2082e6da0775,박세혁,C,36,400000000,,58,,L,R,380,0.355,0.15,0.08750000000000001,0.195,7,,,,,,,,
2026,roster,두산,first,b189a843-33b9-4631-bbfd-02a85719cb3c,이유찬,SS,28,112000000,78,60,,R,R,380,0.35178571428571426,0.14714285714285713,0.08625000000000001,0.19678571428571429,18,,,,,,,,
2026,roster,두산,first,8043b4f2-0b98-4173-a2fa-438a7dc583d9,조수행,CF,33,200000000,,59,,L,R,380,0.3485714285714286,0.1442857142857143,0.085,0.19857142857142857,17,,,,,,,,
2026,roster,두산,first,e6b5594b-bff0-4841-b2e3-1d56320e24b0,곽빈,SP,27,305000000,88,66,,R,R,,,,,,,78,3.12,2.4974358974358974,10.961538461538462,3,11,14,overhand
2026,roster,두산,first,9e3626b6-f4a8-464f-9a51-c49ba595832c,잭로그,SP,30,7000000000,,63,,L,L,,,,,,,75,4.44,3.4733333333333336,7.68,1.56,11,14,threeQuarter
2026,roster,두산,first,435ff4e2-b047-45e1-84fe-fd7c5335ea95,최승용,SP,25,155000000,,68,,L,L,,,,,,,144,4,3.9714285714285715,10.357142857142858,3.057142857142857,23,25,underhand
2026,roster,두산,first,bb545b8c-5c4d-490d-8a89-fcf7988f11b1,이영하,SP,29,600000000,84,67,,R,R,,,,,,,140,4.15,4.1,9.875,3.175,23,25,threeQuarter
2026,roster,두산,first,9f8c66d2-9918-4cb2-b737-8f1430e4cf1b,김민규,SP,27,37000000,81,65,,L,R,,,,,,,136,4.3,4.228571428571429,9.392857142857142,3.2928571428571427,22,25,overhand
2026,roster,두산,first,0f672603-4451-4e61-a550-8aeb5d51e96d,김강률,RP,38,250000000,,57,,R,R,,,,,,,51,3.95,3.928571428571429,10.517857142857142,3.017857142857143,0,42,overhand
2026,roster,두산,first,2b0afe01-293f-40b8-94a9-7bc5efe1e300,홍건희,RP,34,650000000,,56,,R,R,,,,,,,50,4.050000000000001,4.014285714285714,10.196428571428571,3.0964285714285715,0,42,overhand
2026,roster,두산,first,1ca82093-9c65-4cd4-b086-48be32231142,이승진,RP,31,44000000,,55,,R,R,,,,,,,49,4.2,4.142857142857143,9.714285714285715,3.2142857142857144,0,41,overhand
2026,roster,두산,first,f14edbc5-f07e-4b93-82eb-167cb2bec0ef,박치국,RP,28,187000000,,54,,R,,,,,,,,48,4.3,4.228571428571429,9.392857142857142,3.2928571428571427,0,40,overhand
2026,roster,두산,first,ea21b215-7378-4b44-a320-26b7896d0914,김재훈,RP,19,30000000,,54,,R,R,,,,,,,47,4.4,4.314285714285714,9.071428571428571,3.3714285714285714,0,40,overhand
2026,roster,두산,first,a361244d-98c7-42f5-9ae7-d9a950c0686c,이민혁,RP,28,30000000,,53,,R,R,,,,,,,46,4.5,4.4,8.75,3.45,0,39,overhand
2026,roster,두산,first,938c98ba-5a93-4574-a417-88ca1fd49104,최민준,RP,25,130000000,,68,,,,,,,,,,45,4.55,4.442857142857143,8.589285714285715,3.4892857142857143,0,39,overhand
2026,roster,두산,first,b004061b-ff35-4aee-befb-54713522aa3b,박준형,C,27,30000000,75,47,,R,R,,,,,,,,,,,,,,
2026,roster,두산,farm,ca3442f4-84eb-497b-becb-b9deecb8e3f5,김도윤,SS,21,,81,60,,,,380,0.32607142857142857,0.12428571428571429,0.07625000000000001,0.21107142857142858,12,,,,,,,,
2026,roster,두산,farm,52ae58b6-48c1-49e6-9e89-2b957d492060,이준호,CF,20,,79,57,,,,380,0.31642857142857145,0.11571428571428571,0.07250000000000001,0.21642857142857144,10,,,,,,,,
2026,roster,두산,farm,050d4175-d8e3-4088-a8df-41286c195ad3,박민재,SP,21,,83,58,,,,,,,,,,114,5.05,4.871428571428572,6.982142857142857,3.882142857142857,19,22,overhand
2026,roster,두산,farm,9a010684-59b4-4d40-a2ff-7b4e86b52603,최우진,C,22,,73,55,,,,380,0.31,0.11,0.07,0.22,2,,,,,,,,
2026,roster,두산,farm,027354ee-3940-409c-aa07-8e907d9d443f,김태민,SP,20,,80,54,,,,,,,,,,109,5.25,5.042857142857143,6.339285714285714,4.039285714285715,18,22,threeQuarter
2026,roster,두산,farm,d3852e59-1746-449d-be44-8175ebdee211,한승우,3B,21,,75,53,,,,380,0.30357142857142855,0.10428571428571429,0.0675,0.22357142857142856,1,,,,,,,,
2026,roster,두산,farm,d9c94332-e9d5-4cc2-bba0-af0e19cf8c0d,오준영,RP,22,,72,52,,,,,,,,,,36,5.3500000000000005,5.128571428571428,6.017857142857143,4.117857142857143,0,34,threeQuarter
2026,roster,두산,farm,8168da55-b56e-4bf7-abf4-1df2f7e432e5,정민수,RF,20,,74,51,,,,380,0.29714285714285715,0.09857142857142857,0.065,0.22714285714285715,1,,,,,,,,
2026,roster,두산,farm,b8bf4dfb-fc3a-4369-91dc-103e93ef61ef,윤재호,RP,19,,71,50,,,,,,,,,,35,5.45,5.214285714285714,5.696428571428571,4.196428571428571,0,34,overhand
2026,roster,두산,farm,56159b53-6176-4c01-8d57-539e965a9007,장서준,2B,21,,73,49,,,,380,0.2907142857142857,0.09285714285714286,0.0625,0.2307142857142857,3,,,,,,,,
2026,roster,두산,farm,9ab920a7-d2d2-4e85-9903-f95190c43263,신태양,SP,20,,77,48,,,,,,,,,,100,5.55,5.3,5.375,4.275,17,21,threeQuarter
2026,roster,두산,farm,c061f4e5-40ef-4d3d-8dc6-7928b5a9ad5d,박우진,LF,19,,72,47,,,,380,0.2842857142857143,0.08714285714285715,0.060000000000000005,0.2342857142857143,0,,,,,,,,
2026,roster,두산,farm,99d38634-cf30-49e9-bb43-0e6e995ce0e5,김민호,RP,21,,70,46,,,,,,,,,,33,5.65,5.385714285714286,5.053571428571429,4.353571428571429,0,32,overhand
2026,roster,두산,farm,f9408132-6296-415c-b880-941e7daec08e,이동민,1B,20,,71,45,,,,380,0.27785714285714286,0.08142857142857143,0.05750000000000001,0.23785714285714285,0,,,,,,,,
2026,roster,두산,farm,bdcfca1f-b23e-4ba2-bac2-7878a96fb472,배성준,DH,22,,77,58,,,,380,0.3196428571428571,0.11857142857142858,0.07375000000000001,0.21464285714285714,3,,,,,,,,
2026,roster,두산,farm,389ef6e2-87e7-42c5-b663-9facdc6032fc,송재민,SS,19,,81,56,,,,380,0.3132142857142857,0.11285714285714286,0.07125000000000001,0.21821428571428572,9,,,,,,,,
2026,roster,두산,farm,37ccfae7-ee91-4d10-b8e8-c8957543aa1d,임우진,CF,20,,78,55,,,,380,0.31,0.11,0.07,0.22,8,,,,,,,,
2026,roster,두산,farm,d0a2d7e6-ac2a-4703-a54b-0e1c98b1bace,황민수,C,21,,73,54,,,,380,0.3067857142857143,0.10714285714285714,0.06875,0.22178571428571428,2,,,,,,,,
2026,roster,두산,farm,3288a230-0bc0-414e-bf5a-6b62971d8884,민태양,3B,20,,75,53,,,,380,0.30357142857142855,0.10428571428571429,0.0675,0.22357142857142856,1,,,,,,,,
2026,roster,두산,farm,c4c24a0c-78cf-4370-bf0e-84dfbe5c088d,표준호,RF,19,,76,52,,,,380,0.3003571428571429,0.10142857142857142,0.06625,0.22535714285714287,1,,,,,,,,
2026,roster,두산,farm,f9536cd4-25d3-4866-858a-b1e54634dca1,고재원,2B,22,,72,51,,,,380,0.29714285714285715,0.09857142857142857,0.065,0.22714285714285715,5,,,,,,,,
2026,roster,두산,farm,d1413bb0-730f-4254-8344-2c308807ec60,나성민,SP,21,,80,57,,,,,,,,,,113,5.1000000000000005,4.914285714285715,6.821428571428571,3.9214285714285713,18,22,threeQuarter
2026,roster,두산,farm,e29af5bb-29fc-4651-9139-d5f39c6010d7,유준혁,SP,20,,79,54,,,,,,,,,,109,5.25,5.042857142857143,6.339285714285714,4.039285714285715,18,22,overhand
2026,roster,두산,farm,e8382977-c33f-4322-a1d7-67589264b75d,차동현,RP,19,,71,50,,,,,,,,,,35,5.45,5.214285714285714,5.696428571428571,4.196428571428571,0,34,overhand
2026,roster,두산,farm,0bad8fdc-55bb-4013-a76d-144afe14f5f1,허민재,RP,22,,70,49,,,,,,,,,,35,5.5,5.257142857142857,5.535714285714286,4.235714285714286,0,33,overhand
2026,roster,두산,farm,82c49e6c-752d-41ea-86fc-3b376ad901dd,신태민,LF,18,,77,48,,,,380,0.2875,0.09,0.061250000000000006,0.2325,0,,,,,,,,
2026,roster,두산,farm,d59c6fcd-a92b-4811-b6da-480a71a6c739,조성우,RP,21,,69,47,,,,,,,,,,34,5.6000000000000005,5.3428571428571425,5.214285714285714,4.314285714285714,0,33,overhand
2026,roster,두산,farm,dd2d5f32-d3ab-4fc7-838c-b387bcb82579,강민준,RP,20,,68,46,,,,,,,,,,33,5.65,5.385714285714286,5.053571428571429,4.353571428571429,0,32,overhand
2026,roster,LG,first,f807fe7e-99c2-4cf9-ae7b-9dba2106fddc,오스틴,1B,33,11000000000,,75,,R,R,319,0.45404999999999995,0.30200000000000005,0.10658307210031348,0.14733542319749215,0,,,,,,,,
2026,roster,LG,first,68a015b2-eeb3-4686-b4df-abc1b5d9f00e,박해민,CF,36,800000000,,52,,L,R,277,0.35205,0.061,0.07942238267148015,0.13357400722021662,0,,,,,,,,
2026,roster,LG,first,11105e6c-d1f3-4a86-a984-0ce1c7a21424,오지환,SS,36,1400000000,,55,,L,R,240,0.34625,0.131,0.09166666666666666,0.175,0,,,,,,,,
2026,roster,LG,first,c053c3ef-614d-468e-b670-2e045e67eb3e,김현수,LF,36,650000000,,81,,,,520,0.39357142857142857,0.18428571428571427,0.10250000000000001,0.17357142857142857,11,,,,,,,,
2026,roster,LG,first,dea39d18-8014-45a7-86fe-009ee73b77b1,문보경,3B,26,480000000,88,65,,L,R,520,0.3871428571428571,0.17857142857142858,0.1,0.17714285714285716,11,,,,,,,,
2026,roster,LG,first,10de97f8-80f3-4eab-bdf3-28566bf4b32e,홍창기,RF,33,520000000,,64,,L,R,278,0.36605,0.05,0.1618705035971223,0.2302158273381295,0,,,,,,,,
2026,roster,LG,first,aa88d2f5-7acd-46e9-85fb-1e92de620acf,유강남,C,34,700000000,,62,,R,R,520,0.3742857142857143,0.16714285714285715,0.095,0.18428571428571427,9,,,,,,,,
2026,roster,LG,first,766cc753-bc62-4b8a-afe6-b832ee668d3a,신민재,2B,30,380000000,,53,,L,R,247,0.31295,0.05,0.11740890688259109,0.12550607287449392,0,,,,,,,,
2026,roster,LG,first,5c79ec4a-53e3-4efa-9620-8cf3658fd1d6,천성호,DH,29,90000000,,60,,L,R,520,0.36464285714285716,0.15857142857142859,0.09125000000000001,0.18964285714285714,8,,,,,,,,
2026,roster,LG,first,276f7e94-a73e-4e6e-8e24-d6ae4c79770f,구본혁,SS,29,230000000,,62,,R,R,520,0.36142857142857143,0.15571428571428572,0.09000000000000001,0.19142857142857142,21,,,,,,,,
2026,roster,LG,first,2cb654e8-5e2d-418a-a9ff-78e72db02bf2,이영빈,2B,24,55000000,80,61,,L,R,380,0.355,0.15,0.08750000000000001,0.195,19,,,,,,,,
2026,roster,LG,first,99fa0439-5416-4c7e-8ed8-68805889b98d,이성원,C,28,150000000,,68,,,,380,0.35178571428571426,0.14714285714285713,0.08625000000000001,0.19678571428571429,7,,,,,,,,
2026,roster,LG,first,b8beef04-60d4-4198-9be8-8add9eda0925,김민성,3B,30,140000000,,67,,,,380,0.3485714285714286,0.1442857142857143,0.085,0.19857142857142857,6,,,,,,,,
2026,roster,LG,first,c9bc70a2-b53e-4f17-bd0e-29d17c690014,켈리,SP,37,8000000000,,70,,R,R,,,,,,,153,3.7,3.7142857142857144,11.321428571428571,2.821428571428571,24,26,overhand
2026,roster,LG,first,e51906c8-a267-43de-a2ea-87e9156df716,손주환,SP,24,80000000,,68,,R,R,,,,,,,146,3.95,3.928571428571429,10.517857142857142,3.017857142857143,23,26,overhand
2026,roster,LG,first,edadb752-943b-4117-8bef-da793ad23e83,엔스,SP,35,6000000000,,68,,L,L,,,,,,,143,4.050000000000001,4.014285714285714,10.196428571428571,3.0964285714285715,23,25,underhand
2026,roster,LG,first,949e8db8-a8f3-4ba4-b5a2-425695082fea,송승기,SP,24,136000000,84,66,,L,L,,,,,,,139,4.2,4.142857142857143,9.714285714285715,3.2142857142857144,22,25,threeQuarter
2026,roster,LG,first,24d6b550-1669-416e-b9de-1068c69bdb75,임찬규,SP,34,200000000,,59,,R,R,,,,,,,78.33333333333333,3.45,3.7893617021276595,4.595744680851064,2.642553191489362,11,14,threeQuarter
2026,roster,LG,first,c158b77f-5b0d-48f6-a3e8-2eefe648108d,고우석,RP,28,430000000,,58,,R,R,,,,,,,52,3.8500000000000005,3.842857142857143,10.839285714285715,2.939285714285714,0,43,threeQuarter
2026,roster,LG,first,b6bb32c9-ac1c-4225-8e05-a301caa1ba93,김진성,RP,41,450000000,,57,,R,R,,,,,,,51,4,3.9714285714285715,10.357142857142858,3.057142857142857,0,42,threeQuarter
2026,roster,LG,first,49b35709-4a49-4a62-8d28-3beff08b7be2,함덕주,RP,31,800000000,,55,,L,L,,,,,,,49,4.15,4.1,9.875,3.175,0,41,overhand
2026,roster,LG,first,6787c968-166f-44e6-a0b1-9f40de7a1843,이정용,RP,30,270000000,,54,,R,R,,,,,,,48,4.25,4.185714285714286,9.553571428571429,3.2535714285714286,0,40,overhand
2026,roster,LG,first,8a589ca8-b4ff-4416-a3d7-326bb04bd7d5,박치국,RP,28,187000000,,54,,R,,,,,,,,47,4.3500000000000005,4.271428571428571,9.232142857142858,3.3321428571428573,0,40,threeQuarter
2026,roster,LG,first,48202a11-f01e-4061-a4ff-d3aa4ebfa9c6,이우찬,RP,34,80000000,,54,,L,L,,,,,,,47,4.4,4.314285714285714,9.071428571428571,3.3714285714285714,0,40,threeQuarter
2026,roster,LG,first,edc80ba2-af04-4971-b236-1640c3a53d88,최채훈,RP,25,130000000,,69,,,,,,,,,,46,4.5,4.4,8.75,3.45,0,39,underhand
2026,roster,LG,first,1e9209bd-87b0-4a38-a204-383917cf45ec,김영우,RP,21,85000000,76,53,,R,R,,,,,,,45,4.55,4.442857142857143,8.589285714285715,3.4892857142857143,0,39,overhand
2026,roster,LG,farm,5856b49e-e781-451e-abe2-360b9edad486,이주헌,SS,21,,81,61,,,,380,0.3292857142857143,0.12714285714285714,0.07750000000000001,0.2092857142857143,13,,,,,,,,
2026,roster,LG,farm,98af8ad8-c77e-4a5d-b01b-04f294c16f00,박준,CF,20,,79,57,,,,380,0.31642857142857145,0.11571428571428571,0.07250000000000001,0.21642857142857144,10,,,,,,,,
2026,roster,LG,farm,e5b6872b-de10-41b8-81a4-3ca107b28bf2,김태훈,C,22,,73,55,,,,380,0.31,0.11,0.07,0.22,2,,,,,,,,
2026,roster,LG,farm,aee96c13-4766-4374-a91e-ba7fadc0768d,정우준,SP,21,,83,59,,,,,,,,,,116,5,4.828571428571428,7.142857142857142,3.842857142857143,19,23,underhand
2026,roster,LG,farm,f2eb5976-af60-4cad-9881-2044576350c6,이민호,SP,20,,80,56,,,,,,,,,,111,5.15,4.957142857142857,6.660714285714286,3.960714285714286,18,22,overhand
2026,roster,LG,farm,486f721c-a923-43f1-8349-186438357c05,최승민,3B,21,,75,54,,,,380,0.3067857142857143,0.10714285714285714,0.06875,0.22178571428571428,2,,,,,,,,
2026,roster,LG,farm,a2a68b20-6743-4a9b-8bf2-e5c6c09168f5,박건우,RP,22,,74,53,,,,,,,,,,37,5.3,5.085714285714285,6.178571428571429,4.078571428571428,0,34,overhand
2026,roster,LG,farm,407ec6b3-0f3b-43b9-9520-6e43ba644040,한지민,RF,20,,76,52,,,,380,0.3003571428571429,0.10142857142857142,0.06625,0.22535714285714287,1,,,,,,,,
2026,roster,LG,farm,c23f7fa9-0367-4df8-9fd6-b9cb78e2fd02,서동현,RP,19,,72,51,,,,,,,,,,36,5.4,5.171428571428572,5.857142857142858,4.1571428571428575,0,34,overhand
2026,roster,LG,farm,27d6d150-f00e-473d-9221-6198c9ab4c91,장민재,2B,21,,73,50,,,,380,0.29392857142857143,0.09571428571428571,0.06375,0.22892857142857143,4,,,,,,,,
2026,roster,LG,farm,89aeaed4-8546-45a2-8c93-d945b3e61446,김도현,SP,20,,78,49,,,,,,,,,,101,5.5,5.257142857142857,5.535714285714286,4.235714285714286,17,21,overhand
2026,roster,LG,farm,fbed6565-bb39-4a78-8873-080ea49845d0,윤서준,LF,19,,75,48,,,,380,0.2875,0.09,0.061250000000000006,0.2325,0,,,,,,,,
2026,roster,LG,farm,04815ccf-0bed-467c-a412-ba14a950af55,오민석,RP,21,,71,47,,,,,,,,,,34,5.6000000000000005,5.3428571428571425,5.214285714285714,4.314285714285714,0,33,overhand
2026,roster,LG,farm,6844d49d-5a9b-4ed5-aa1f-df1442c26f44,이준영,1B,20,,70,46,,,,380,0.2810714285714286,0.08428571428571428,0.058750000000000004,0.23607142857142857,0,,,,,,,,
2026,roster,LG,farm,c7015838-fe70-415e-966f-3d13c0d5385f,배준서,DH,22,,77,58,,,,380,0.3196428571428571,0.11857142857142858,0.07375000000000001,0.21464285714285714,3,,,,,,,,
2026,roster,LG,farm,b060df09-05f6-4cd5-af8f-ea3e07f7133e,송현우,SS,19,,81,56,,,,380,0.3132142857142857,0.11285714285714286,0.07125000000000001,0.21821428571428572,9,,,,,,,,
2026,roster,LG,farm,c094293a-56b5-4f06-9562-97bfa0b60c53,임재민,CF,20,,78,55,,,,380,0.31,0.11,0.07,0.22,8,,,,,,,,
2026,roster,LG,farm,dc00a04b-7d0e-42eb-952a-fcdfef4be936,황서준,C,21,,73,54,,,,380,0.3067857142857143,0.10714285714285714,0.06875,0.22178571428571428,2,,,,,,,,
2026,roster,LG,farm,fcf8fed7-6d22-4912-b8e4-056253c6bfbd,민도현,3B,20,,75,53,,,,380,0.30357142857142855,0.10428571428571429,0.0675,0.22357142857142856,1,,,,,,,,
2026,roster,LG,farm,ed2f85e6-64bc-49d5-9a54-e5b5fdc87072,표재훈,RF,19,,76,52,,,,380,0.3003571428571429,0.10142857142857142,0.06625,0.22535714285714287,1,,,,,,,,
2026,roster,LG,farm,72cc60c7-2297-48f8-b3b7-ed9bb6798af5,고민준,2B,22,,72,51,,,,380,0.29714285714285715,0.09857142857142857,0.065,0.22714285714285715,5,,,,,,,,
2026,roster,LG,farm,60c17f41-5cf2-4a16-880b-60b301d255e4,나우진,SP,21,,80,57,,,,,,,,,,113,5.1000000000000005,4.914285714285715,6.821428571428571,3.9214285714285713,18,22,overhand
2026,roster,LG,farm,882de6ea-e3e9-4e5d-9aa5-5003b1836c33,유성민,SP,20,,79,54,,,,,,,,,,109,5.25,5.042857142857143,6.339285714285714,4.039285714285715,18,22,overhand
2026,roster,LG,farm,bb05ea39-d7ef-4aeb-959b-fd6b5a66573d,차재원,RP,19,,71,50,,,,,,,,,,35,5.45,5.214285714285714,5.696428571428571,4.196428571428571,0,34,overhand
2026,roster,LG,farm,9bd46b8b-a7e5-4f8b-85c7-f2bec6485a23,허동민,RP,22,,70,49,,,,,,,,,,35,5.5,5.257142857142857,5.535714285714286,4.235714285714286,0,33,overhand
2026,roster,LG,farm,f57c6c0a-5c91-4597-90d2-39a309656b15,신우성,LF,18,,77,48,,,,380,0.2875,0.09,0.061250000000000006,0.2325,0,,,,,,,,
2026,roster,LG,farm,fed7d05d-6914-4db9-a0d0-2f0676dc712a,조태양,RP,21,,69,47,,,,,,,,,,34,5.6000000000000005,5.3428571428571425,5.214285714285714,4.314285714285714,0,33,threeQuarter
2026,roster,LG,farm,1c732d90-0132-4fd7-8c26-47f720eeb49a,강재혁,RP,20,,68,46,,,,,,,,,,33,5.65,5.385714285714286,5.053571428571429,4.353571428571429,0,32,overhand
2026,roster,롯데,first,12de81ef-a6ae-49f4-bbd8-c64670c63bdc,손아섭,RF,38,100000000,,68,,L,R,520,0.40321428571428575,0.19285714285714287,0.10625000000000001,0.1682142857142857,12,,,,,,,,
2026,roster,롯데,first,e160fada-8958-4175-9db0-03c53e7297af,윤동희,CF,23,180000000,88,71,,R,R,520,0.3967857142857143,0.18714285714285717,0.10375000000000001,0.1717857142857143,29,,,,,,,,
2026,roster,롯데,first,faff1492-c454-41c1-be83-ecc7b33fa5a6,전준우,LF,40,700000000,,66,,R,R,520,0.39357142857142857,0.18428571428571427,0.10250000000000001,0.17357142857142857,11,,,,,,,,
2026,roster,롯데,first,c42a4c8f-2c83-4684-af6a-34553c9bea17,한동희,3B,27,162000000,87,66,,R,R,520,0.39035714285714285,0.18142857142857144,0.10125,0.17535714285714285,11,,,,,,,,
2026,roster,롯데,first,12c0761a-adda-433b-9416-a44546a7b343,김정훈,RP,56,380000000,,78,,R,R,,,,,,,,,,,,,,overhand
2026,roster,롯데,first,2bb43599-2eeb-412b-8c79-8cedef5589c4,김민수,C,30,30000000,,63,,R,R,520,0.3775,0.16999999999999998,0.09625,0.1825,10,,,,,,,,
2026,roster,롯데,first,846ef45b-d908-4f6b-b412-08dba6f32c18,박민우,2B,33,800000000,,71,,L,R,276,0.44345,0.127,0.13768115942028986,0.11231884057971014,0,,,,,,,,
2026,roster,롯데,first,b8b83978-a6a1-4dd8-bc6a-1d3039f886d1,김성민,SS,27,240000000,,72,,,,520,0.36464285714285716,0.15857142857142859,0.09125000000000001,0.18964285714285714,21,,,,,,,,
2026,roster,롯데,first,83eac9c5-2292-47c3-8cee-aa08d4a04bbd,이대호,DH,44,800000000,,59,,R,R,520,0.36142857142857143,0.15571428571428572,0.09000000000000001,0.19142857142857142,8,,,,,,,,
2026,roster,롯데,first,972505b1-8ad8-471e-b6c7-d03ca55a051a,김재유,CF,34,40000000,,62,,L,R,520,0.3582142857142857,0.15285714285714286,0.08875000000000001,0.19321428571428573,20,,,,,,,,
2026,roster,롯데,first,0a1e80ac-4538-4064-acae-7049aee2053c,박성욱,C,29,160000000,,68,,,,380,0.35178571428571426,0.14714285714285713,0.08625000000000001,0.19678571428571429,7,,,,,,,,
2026,roster,롯데,first,cddc4833-1cd6-4c9b-804f-cf94874f716b,이호준,SS,22,55000000,78,59,,L,R,380,0.3485714285714286,0.1442857142857143,0.085,0.19857142857142857,17,,,,,,,,
2026,roster,롯데,first,a2a227f5-9dab-4fe6-a47b-8610f58c44c0,김동헌,C,22,43000000,76,58,,R,R,380,0.34535714285714286,0.14142857142857143,0.08375,0.20035714285714284,17,,,,,,,,
2026,roster,롯데,first,e94e2a3b-0087-41ac-951e-989a9a2ebcda,나균안,SP,28,180000000,,60,,R,R,,,,,,,74.66666666666667,3.86,4.251785714285714,7.593749999999999,2.7723214285714284,10,13,sidearm
2026,roster,롯데,first,489eaa77-ee78-4f14-badd-3915de630992,찰스,SP,29,750000000,,82,,,,,,,,,,149,3.8500000000000005,3.842857142857143,10.839285714285715,2.939285714285714,24,26,threeQuarter
2026,roster,롯데,first,a1fce01e-312e-4ac5-8fbd-fedcaa4bfe22,박세웅,SP,31,2100000000,,57,,R,R,,,,,,,70.66666666666667,4.84,3.637735849056604,7.641509433962264,3.9481132075471694,10,13,overhand
2026,roster,롯데,first,5fc2188c-b44b-4b24-a5ff-a948edfbb732,이민석,SP,23,80000000,83,66,,R,R,,,,,,,139,4.2,4.142857142857143,9.714285714285715,3.2142857142857144,22,25,overhand
2026,roster,롯데,first,401dfb2c-7656-4a4b-aea1-5075e49a7530,김원중,SP,33,800000000,80,65,,L,R,,,,,,,134,4.3500000000000005,4.271428571428571,9.232142857142858,3.3321428571428573,22,24,overhand
2026,roster,롯데,first,6f1e42e0-34d8-4d1c-98c5-a9040993161f,김진욱,RP,24,70000000,,56,,L,L,,,,,,,75.66666666666667,3.33,3.959030837004405,7.017621145374449,2.616740088105727,0,13,threeQuarter
2026,roster,롯데,first,9279a196-f4b5-4808-9ca3-f123a6dacb85,김강현,RP,31,90000000,,56,,L,R,,,,,,,50,4.1000000000000005,4.057142857142857,10.035714285714285,3.1357142857142857,0,41,overhand
2026,roster,롯데,first,eed32915-e246-43d9-a05e-516f3acb7280,정철원,RP,27,180000000,,54,,R,R,,,,,,,48,4.25,4.185714285714286,9.553571428571429,3.2535714285714286,0,40,overhand
2026,roster,롯데,first,7fd91d0d-df0f-400e-8ff4-8e08b28c92e0,박진,RP,27,95000000,,54,,R,R,,,,,,,47,4.3500000000000005,4.271428571428571,9.232142857142858,3.3321428571428573,0,40,overhand
2026,roster,롯데,first,49efc326-4f79-42b7-92ae-404fcf46c824,이민준,RP,27,160000000,,70,,,,,,,,,,46,4.45,4.357142857142858,8.910714285714285,3.4107142857142856,0,39,sidearm
2026,roster,롯데,first,0d0d4bd6-2777-437e-bee9-007c105f7f0e,김태현,RP,21,30000000,,53,,L,L,,,,,,,46,4.5,4.4,8.75,3.45,0,39,threeQuarter
2026,roster,롯데,first,6b8a8643-0211-4a6b-950b-e534942a3581,오윤석,RP,30,130000000,,53,,R,R,,,,,,,45,4.55,4.442857142857143,8.589285714285715,3.4892857142857143,0,39,overhand
2026,roster,롯데,first,a3f14d7f-450c-465e-8a6f-2d1ac045b10a,최준영,RP,24,120000000,75,67,,,,,,,,,,44,4.6000000000000005,4.485714285714286,8.428571428571429,3.5285714285714285,0,38,overhand
2026,roster,롯데,farm,322871cf-3dce-4d7d-9484-b702e19c8a2c,박준민,SS,21,,80,59,,,,380,0.32285714285714284,0.12142857142857143,0.07500000000000001,0.21285714285714286,11,,,,,,,,
2026,roster,롯데,farm,8981a089-3fa6-42a0-9a28-400cd16a3bda,김태준,CF,20,,78,56,,,,380,0.3132142857142857,0.11285714285714286,0.07125000000000001,0.21821428571428572,9,,,,,,,,
2026,roster,롯데,farm,91366b20-e154-49c1-987f-dd66d4c2588a,이서준,SP,21,,82,57,,,,,,,,,,113,5.1000000000000005,4.914285714285715,6.821428571428571,3.9214285714285713,18,22,overhand
2026,roster,롯데,farm,d7614ba6-6317-4ba1-9fdc-8b7967cb0614,최민재,C,22,,72,54,,,,380,0.3067857142857143,0.10714285714285714,0.06875,0.22178571428571428,2,,,,,,,,
2026,roster,롯데,farm,4f2c8de8-ab50-4a02-809a-8d82885082cd,박동현,SP,20,,79,53,,,,,,,,,,107,5.3,5.085714285714285,6.178571428571429,4.078571428571428,18,22,sidearm
2026,roster,롯데,farm,46dcf54f-7e67-4cd8-8b5c-5057eac2242b,한지민,3B,21,,74,52,,,,380,0.3003571428571429,0.10142857142857142,0.06625,0.22535714285714287,1,,,,,,,,
2026,roster,롯데,farm,9882ebb9-53c7-45e4-a79c-1c7f86dcd0df,김우진,RP,22,,71,51,,,,,,,,,,36,5.4,5.171428571428572,5.857142857142858,4.1571428571428575,0,34,threeQuarter
2026,roster,롯데,farm,21f02cd1-6bff-4863-8782-0c98212f4d14,오태민,RF,20,,73,50,,,,380,0.29392857142857143,0.09571428571428571,0.06375,0.22892857142857143,0,,,,,,,,
2026,roster,롯데,farm,443338c1-60fe-4c4f-8f8c-8283392fca33,정서준,RP,19,,70,49,,,,,,,,,,35,5.5,5.257142857142857,5.535714285714286,4.235714285714286,0,33,overhand
2026,roster,롯데,farm,5b161b27-9a76-4bed-b503-00afa9e1ab3e,윤재민,2B,21,,72,48,,,,380,0.2875,0.09,0.061250000000000006,0.2325,3,,,,,,,,
2026,roster,롯데,farm,a50ba04d-cc4a-497b-853f-1b44de007bac,신우진,SP,20,,76,47,,,,,,,,,,99,5.6000000000000005,5.3428571428571425,5.214285714285714,4.314285714285714,16,21,overhand
2026,roster,롯데,farm,6b6f2825-591c-417d-acbf-6a29f94cb781,장민호,LF,19,,71,46,,,,380,0.2810714285714286,0.08428571428571428,0.058750000000000004,0.23607142857142857,0,,,,,,,,
2026,roster,롯데,farm,19306001-de54-4dc3-8e01-0638b1cccf9c,이태우,RP,21,,69,45,,,,,,,,,,33,5.7,5.428571428571429,4.892857142857142,4.392857142857143,0,32,threeQuarter
2026,roster,롯데,farm,6edea8bd-9f97-43b3-a81f-bf3cc809eac3,김준영,1B,20,,70,44,,,,380,0.27464285714285713,0.07857142857142857,0.05625000000000001,0.23964285714285716,0,,,,,,,,
2026,roster,롯데,farm,fc24285c-9ec8-4d3a-adc7-084caf57b240,배민준,DH,22,,76,57,,,,380,0.31642857142857145,0.11571428571428571,0.07250000000000001,0.21642857142857144,3,,,,,,,,
2026,roster,롯데,farm,a0841325-f38d-4337-8f3e-69dfe53778c6,송도현,SS,19,,80,55,,,,380,0.31,0.11,0.07,0.22,8,,,,,,,,
2026,roster,롯데,farm,352489f7-d10e-43f2-8878-fa3831f7e9c8,임준영,CF,20,,77,54,,,,380,0.3067857142857143,0.10714285714285714,0.06875,0.22178571428571428,7,,,,,,,,
2026,roster,롯데,farm,1513ba92-6915-4d5e-9b4a-5c2acd820817,황재민,C,21,,72,53,,,,380,0.30357142857142855,0.10428571428571429,0.0675,0.22357142857142856,1,,,,,,,,
2026,roster,롯데,farm,8794ddca-a95e-48dc-945e-1188889a3c19,민성우,3B,20,,74,52,,,,380,0.3003571428571429,0.10142857142857142,0.06625,0.22535714285714287,1,,,,,,,,
2026,roster,롯데,farm,985f6116-f887-48b5-9aca-13dfbe6f19c1,표동민,RF,19,,75,51,,,,380,0.29714285714285715,0.09857142857142857,0.065,0.22714285714285715,1,,,,,,,,
2026,roster,롯데,farm,fcecc5df-b5a8-4320-9b9b-39e423048004,고승현,2B,22,,71,50,,,,380,0.29392857142857143,0.09571428571428571,0.06375,0.22892857142857143,4,,,,,,,,
2026,roster,롯데,farm,e683570a-3794-4dbd-b290-236f28280f52,나재훈,SP,21,,79,56,,,,,,,,,,111,5.15,4.957142857142857,6.660714285714286,3.960714285714286,18,22,threeQuarter
2026,roster,롯데,farm,8ecdd2e7-6e60-4372-805d-fc233560e1dd,유민재,SP,20,,78,53,,,,,,,,,,107,5.3,5.085714285714285,6.178571428571429,4.078571428571428,18,22,overhand
2026,roster,롯데,farm,c2d41e49-9ede-43a4-9e11-bfa25ca634c4,차우진,RP,19,,70,49,,,,,,,,,,35,5.5,5.257142857142857,5.535714285714286,4.235714285714286,0,33,threeQuarter
2026,roster,롯데,farm,e4090dfc-a1d9-4fbf-ba2b-dc5913301704,허준서,RP,22,,69,48,,,,,,,,,,34,5.55,5.3,5.375,4.275,0,33,overhand
2026,roster,롯데,farm,53b7e9ff-2a31-4cec-bd8c-5ad3cb51e0fa,신민성,LF,18,,76,47,,,,380,0.2842857142857143,0.08714285714285715,0.060000000000000005,0.2342857142857143,0,,,,,,,,
2026,roster,롯데,farm,4e9f7506-d978-4001-be97-4540deb98414,조재민,RP,21,,68,46,,,,,,,,,,33,5.65,5.385714285714286,5.053571428571429,4.353571428571429,0,32,underhand
2026,roster,롯데,farm,12fac31b-a4f2-4b91-8cc7-d1ec39f4243c,강태양,RP,20,,67,45,,,,,,,,,,33,5.7,5.428571428571429,4.892857142857142,4.392857142857143,0,32,overhand
2026,roster,한화,first,aaade236-f8ce-4a6b-ad92-2596165b9590,노시환,3B,26,1000000000,93,56,,R,R,287,0.34965,0.16999999999999998,0.09059233449477352,0.28222996515679444,0,,,,,,,,
2026,roster,한화,first,cc5f7820-2a22-48a5-9a0e-69ea5f474732,문현빈,SS,22,230000000,91,69,,L,R,311,0.39569999999999994,0.19799999999999995,0.12861736334405144,0.10610932475884244,0,,,,,,,,
2026,roster,한화,first,080e928b-0476-46bf-835a-b26c151349e0,채은성,LF,36,400000000,,67,,R,R,520,0.3967857142857143,0.18714285714285717,0.10375000000000001,0.1717857142857143,12,,,,,,,,
2026,roster,한화,first,0bcdd3ef-e59e-467b-ae82-7089ba16911a,이재원,C,38,100000000,,66,,R,R,520,0.39035714285714285,0.18142857142857144,0.10125,0.17535714285714285,11,,,,,,,,
2026,roster,한화,first,ee2a4586-e935-4e96-b7b1-df47964904a6,김태연,2B,29,133000000,,68,,R,R,520,0.3839285714285714,0.1757142857142857,0.09875,0.17892857142857144,26,,,,,,,,
2026,roster,한화,first,87c5d700-f457-459c-83e7-00d0b3598ccb,최재훈,C,37,400000000,,63,,R,R,520,0.3775,0.16999999999999998,0.09625,0.1825,10,,,,,,,,
2026,roster,한화,first,42affc07-9a22-4fd2-9f36-126e98e5d4c3,이진영,CF,29,110000000,,65,,R,R,520,0.37107142857142855,0.16428571428571428,0.09375000000000001,0.18607142857142855,23,,,,,,,,
2026,roster,한화,first,c11c7128-827e-4d0c-a667-1ce34592bf48,김민우,RP,31,77000000,,72,,R,R,,,,,,,,,,,,,,overhand
2026,roster,한화,first,7fea99ca-bbe6-4529-97ae-48d92ece7135,하주석,SS,32,200000000,,62,,L,R,520,0.36142857142857143,0.15571428571428572,0.09000000000000001,0.19142857142857142,21,,,,,,,,
2026,roster,한화,first,45f1f146-7c22-482d-bfef-87fb71ae9258,장진혁,DH,33,90000000,,59,,L,R,520,0.3582142857142857,0.15285714285714286,0.08875000000000001,0.19321428571428573,7,,,,,,,,
2026,roster,한화,first,b4bc1955-0fcf-4a51-b81c-a20b35727f48,박상언,C,29,40000000,,57,,R,R,380,0.35178571428571426,0.14714285714285713,0.08625000000000001,0.19678571428571429,7,,,,,,,,
2026,roster,한화,first,fc1c7197-ccf9-4298-84d5-83e53a700717,김지수,2B,30,31000000,77,59,,L,L,380,0.3485714285714286,0.1442857142857143,0.085,0.19857142857142857,17,,,,,,,,
2026,roster,한화,first,981b06ee-296b-48be-b4d6-18a08dbdee29,이도윤,3B,30,121000000,76,56,,L,R,380,0.34535714285714286,0.14142857142857143,0.08375,0.20035714285714284,6,,,,,,,,
2026,roster,한화,first,36cee05c-ab55-4f99-8bcc-dcdbe011532d,폰세,SP,32,8000000000,,71,,R,R,,,,,,,154,3.6500000000000004,3.6714285714285717,11.482142857142858,2.782142857142857,25,26,overhand
2026,roster,한화,first,03287d4b-0a0c-41b0-be95-954808ef2fc5,와이스,SP,30,6000000000,,70,,R,R,,,,,,,151,3.75,3.757142857142857,11.160714285714286,2.8607142857142858,24,26,threeQuarter
2026,roster,한화,first,f17ababf-f1a4-4f5e-9139-6c6e03c4bfe3,김영수,SP,51,380000000,,68,,L,L,,,,,,,144,4,3.9714285714285715,10.357142857142858,3.057142857142857,23,25,threeQuarter
2026,roster,한화,first,c677c123-1c7f-409b-8ba6-d3f6ce59b0a4,한승주,SP,25,45000000,84,67,,R,R,,,,,,,140,4.15,4.1,9.875,3.175,23,25,threeQuarter
2026,roster,한화,first,dc1a2dfc-2ca4-487e-9e28-55a6d2fd283a,정우람,SP,41,220000000,81,65,,L,L,,,,,,,136,4.3,4.228571428571429,9.392857142857142,3.2928571428571427,22,25,underhand
2026,roster,한화,first,a17d0a77-0bd8-4c56-88cf-3dc6daeb975f,김서현,RP,22,168000000,,57,,R,R,,,,,,,51,3.95,3.928571428571429,10.517857142857142,3.017857142857143,0,42,threeQuarter
2026,roster,한화,first,fbb9ccfd-d884-4db0-9aec-2397021a6370,주현상,RP,34,187000000,,56,,R,R,,,,,,,50,4.050000000000001,4.014285714285714,10.196428571428571,3.0964285714285715,0,42,overhand
2026,roster,한화,first,b35d9c4b-0a90-48be-9b1e-84988eb5a415,김재승,RP,28,250000000,,75,,,,,,,,,,49,4.2,4.142857142857143,9.714285714285715,3.2142857142857144,0,41,overhand
2026,roster,한화,first,9e9fb5ee-8a87-4fe5-b548-0d1c4e2765c2,박상원,RP,32,263000000,,54,,R,R,,,,,,,48,4.3,4.228571428571429,9.392857142857142,3.2928571428571427,0,40,threeQuarter
2026,roster,한화,first,379a6a15-a9ab-4c66-9de4-95efe64d9028,이상규,RP,30,40000000,,54,,R,R,,,,,,,47,4.4,4.314285714285714,9.071428571428571,3.3714285714285714,0,40,threeQuarter
2026,roster,한화,first,9e5c361a-506c-430a-b6a9-9d3aa68cb096,김기중,RP,24,60000000,,53,,L,L,,,,,,,46,4.5,4.4,8.75,3.45,0,39,overhand
2026,roster,한화,first,3777e94d-b02e-4137-bfef-d1218a2c2003,오동욱,RP,25,36000000,,53,,R,R,,,,,,,45,4.55,4.442857142857143,8.589285714285715,3.4892857142857143,0,39,overhand
2026,roster,한화,first,7931528c-218d-4ef6-b10f-c2f58822a52d,박준호,RP,26,30000000,75,52,,L,L,,,,,,,44,4.6000000000000005,4.485714285714286,8.428571428571429,3.5285714285714285,0,38,threeQuarter
2026,roster,한화,farm,474fbcc4-26ad-4264-a411-8552988747a7,김준서,SS,21,,82,61,,,,380,0.3292857142857143,0.12714285714285714,0.07750000000000001,0.2092857142857143,13,,,,,,,,
2026,roster,한화,farm,da8831c8-32ad-4a1b-a9a0-009eb784dbf4,이민준,CF,20,,80,58,,,,380,0.3196428571428571,0.11857142857142858,0.07375000000000001,0.21464285714285714,10,,,,,,,,
2026,roster,한화,farm,1a9d7279-8703-4c4b-a7f4-988560e09839,박태양,SP,21,,83,57,,,,,,,,,,113,5.1000000000000005,4.914285714285715,6.821428571428571,3.9214285714285713,18,22,overhand
2026,roster,한화,farm,209618f2-9fbf-46fc-b6b0-6a9cba4fbeea,최동현,C,22,,73,55,,,,380,0.31,0.11,0.07,0.22,2,,,,,,,,
2026,roster,한화,farm,bdcbc375-78da-48aa-8232-f3bdeca6d615,김서준,SP,20,,80,54,,,,,,,,,,109,5.25,5.042857142857143,6.339285714285714,4.039285714285715,18,22,overhand
2026,roster,한화,farm,1a67c27d-4779-4395-a692-b60cadffce85,한지우,3B,21,,75,53,,,,380,0.30357142857142855,0.10428571428571429,0.0675,0.22357142857142856,1,,,,,,,,
2026,roster,한화,farm,aa756eb0-d7ce-41cd-a153-a89116615006,오태민,RP,22,,72,52,,,,,,,,,,36,5.3500000000000005,5.128571428571428,6.017857142857143,4.117857142857143,0,34,overhand
2026,roster,한화,farm,74ba4f0c-700c-484b-887f-2248c23b46fd,정민재,RF,20,,74,51,,,,380,0.29714285714285715,0.09857142857142857,0.065,0.22714285714285715,1,,,,,,,,
2026,roster,한화,farm,d43bffbb-afd8-4be7-8773-612deb88eade,윤서영,RP,19,,71,50,,,,,,,,,,35,5.45,5.214285714285714,5.696428571428571,4.196428571428571,0,34,threeQuarter
2026,roster,한화,farm,99a44ca2-e34c-4927-b852-473d87679e82,장우진,2B,21,,73,49,,,,380,0.2907142857142857,0.09285714285714286,0.0625,0.2307142857142857,3,,,,,,,,
2026,roster,한화,farm,44da0cf6-0fce-419e-8f49-b67ce6787c6d,신동욱,SP,20,,77,48,,,,,,,,,,100,5.55,5.3,5.375,4.275,17,21,overhand
2026,roster,한화,farm,8b63a086-9165-4003-95f8-cbff65f643c1,박재민,LF,19,,72,47,,,,380,0.2842857142857143,0.08714285714285715,0.060000000000000005,0.2342857142857143,0,,,,,,,,
2026,roster,한화,farm,ba4a80ee-fa89-4146-8389-2f5f38275005,김태우,RP,21,,70,46,,,,,,,,,,33,5.65,5.385714285714286,5.053571428571429,4.353571428571429,0,32,threeQuarter
2026,roster,한화,farm,c4bdcc71-be55-49b3-839e-94faa3deea2e,이우진,1B,20,,71,45,,,,380,0.27785714285714286,0.08142857142857143,0.05750000000000001,0.23785714285714285,0,,,,,,,,
2026,roster,한화,farm,0c7de02b-a717-4568-a0ba-96460b4355f5,배성민,DH,22,,77,58,,,,380,0.3196428571428571,0.11857142857142858,0.07375000000000001,0.21464285714285714,3,,,,,,,,
2026,roster,한화,farm,0e3a4fd7-d816-49e0-959f-769d76254cdf,송준혁,SS,19,,81,56,,,,380,0.3132142857142857,0.11285714285714286,0.07125000000000001,0.21821428571428572,9,,,,,,,,
2026,roster,한화,farm,f4a6e716-6d18-4d33-ad93-94d3ab9c7f27,임민수,CF,20,,78,55,,,,380,0.31,0.11,0.07,0.22,8,,,,,,,,
2026,roster,한화,farm,49623478-c7bb-47d7-893d-69cb9ade0606,황재원,C,21,,73,54,,,,380,0.3067857142857143,0.10714285714285714,0.06875,0.22178571428571428,2,,,,,,,,
2026,roster,한화,farm,e6f4d705-3bc8-4f90-98a7-75e46bfbfc66,민우진,3B,20,,75,53,,,,380,0.30357142857142855,0.10428571428571429,0.0675,0.22357142857142856,1,,,,,,,,
2026,roster,한화,farm,21ad9c94-eca1-4e3c-be16-35f0e1b1502c,표승현,RF,19,,76,52,,,,380,0.3003571428571429,0.10142857142857142,0.06625,0.22535714285714287,1,,,,,,,,
2026,roster,한화,farm,99b2de4b-72bb-4f17-936e-515a3adaa388,고태민,2B,22,,72,51,,,,380,0.29714285714285715,0.09857142857142857,0.065,0.22714285714285715,5,,,,,,,,
2026,roster,한화,farm,6b640364-532a-46d5-abcc-a7ec7fd28473,나동현,SP,21,,80,57,,,,,,,,,,113,5.1000000000000005,4.914285714285715,6.821428571428571,3.9214285714285713,18,22,threeQuarter
2026,roster,한화,farm,20dbfec2-2a46-48ae-a627-e0149c81830d,유재민,SP,20,,79,54,,,,,,,,,,109,5.25,5.042857142857143,6.339285714285714,4.039285714285715,18,22,sidearm
2026,roster,한화,farm,c088de22-5412-4750-a127-1dc47fd197e4,차민준,RP,19,,71,50,,,,,,,,,,35,5.45,5.214285714285714,5.696428571428571,4.196428571428571,0,34,threeQuarter
2026,roster,한화,farm,3b5dec94-7dfd-40de-9a6c-2eb6619a02b7,허성우,RP,22,,70,49,,,,,,,,,,35,5.5,5.257142857142857,5.535714285714286,4.235714285714286,0,33,threeQuarter
2026,roster,한화,farm,7e4cbd09-98ea-4852-bb66-fad8f99a6158,신준서,LF,18,,77,48,,,,380,0.2875,0.09,0.061250000000000006,0.2325,0,,,,,,,,
2026,roster,한화,farm,f54c3c57-f5e5-4e26-a0c9-cab28720149d,조민성,RP,21,,69,47,,,,,,,,,,34,5.6000000000000005,5.3428571428571425,5.214285714285714,4.314285714285714,0,33,threeQuarter
2026,roster,한화,farm,c796924c-7233-4e3a-85f8-a0b5a9585f10,강도현,RP,20,,68,46,,,,,,,,,,33,5.65,5.385714285714286,5.053571428571429,4.353571428571429,0,32,overhand
2026,roster,삼성,first,4c4f6f5b-f54c-452b-bd63-989a076e751b,김영웅,SS,23,220000000,92,74,,L,R,520,0.40964285714285714,0.19857142857142857,0.10875000000000001,0.16464285714285715,32,,,,,,,,
2026,roster,삼성,first,36ca0214-91cf-40cd-ad4f-a6fb3313845e,디아즈,1B,30,13000000000,,63,,L,L,314,0.38265,0.185,0.10509554140127389,0.1464968152866242,0,,,,,,,,
2026,roster,삼성,first,8a8654e0-04db-4a56-a4bc-d38baa3822d6,이성규,LF,33,110000000,,67,,R,R,520,0.3967857142857143,0.18714285714285717,0.10375000000000001,0.1717857142857143,12,,,,,,,,
2026,roster,삼성,first,d2193ecf-e5b5-4d2e-9821-73b7fa2ea7be,구자욱,CF,33,500000000,,70,,L,R,223,0.42125,0.202,0.1210762331838565,0.14349775784753363,0,,,,,,,,
2026,roster,삼성,first,5f1aa400-4d96-44d6-9ec0-c9e6425dc79b,김헌곤,RF,38,100000000,,64,,R,R,520,0.3839285714285714,0.1757142857142857,0.09875,0.17892857142857144,10,,,,,,,,
2026,roster,삼성,first,72ef074a-5f45-4390-b988-1354666ee6c6,김지찬,2B,25,230000000,85,64,,L,R,260,0.391,0.05,0.1346153846153846,0.06538461538461539,0,,,,,,,,
2026,roster,삼성,first,8c5a755f-d2c8-4cd9-ab40-ec5730c7c73e,강민호,C,41,300000000,,62,,R,R,520,0.3742857142857143,0.16714285714285715,0.095,0.18428571428571427,9,,,,,,,,
2026,roster,삼성,first,34214cc0-d213-4c67-b5ce-30e43c80fbda,이재현,3B,23,290000000,,62,,R,R,520,0.37107142857142855,0.16428571428571428,0.09375000000000001,0.18607142857142855,9,,,,,,,,
2026,roster,삼성,first,dad2af34-a70d-4377-98bb-f2b5f29091b8,김동엽,DH,36,30000000,,61,,R,R,520,0.3678571428571429,0.16142857142857142,0.09250000000000001,0.18785714285714286,8,,,,,,,,
2026,roster,삼성,first,6f12aa62-d3db-4950-8949-d3aa4c137c77,김성욱,CF,33,100000000,,62,,R,R,520,0.36142857142857143,0.15571428571428572,0.09000000000000001,0.19142857142857142,21,,,,,,,,
2026,roster,삼성,first,fc715c23-626e-4985-a41a-9db0f65d03d1,이해승,C,26,42000000,,58,,R,R,380,0.355,0.15,0.08750000000000001,0.195,7,,,,,,,,
2026,roster,삼성,first,b9bfacb7-887f-4951-beac-761516fc5755,양우현,SS,26,44000000,,60,,L,R,380,0.35178571428571426,0.14714285714285713,0.08625000000000001,0.19678571428571429,18,,,,,,,,
2026,roster,삼성,first,12835eea-6411-48f6-8c4f-67c3e9e2c66c,김재상,2B,22,40000000,,59,,L,R,380,0.3485714285714286,0.1442857142857143,0.085,0.19857142857142857,17,,,,,,,,
2026,roster,삼성,first,2c9c0b25-0da3-4c97-a887-ace6e41fefa3,원태인,SP,26,1000000000,90,71,,R,R,,,,,,,154,3.6500000000000004,3.6714285714285717,11.482142857142858,2.782142857142857,25,26,overhand
2026,roster,삼성,first,94df6234-9844-41e5-9f7d-ff3323a42ba5,후라도,SP,30,13000000000,,67,,R,R,,,,,,,88,2.86,3.5318181818181817,5.829545454545454,1.6363636363636365,11,14,overhand
2026,roster,삼성,first,b393779b-3391-4d51-8bc5-2d8be766d782,이승현,SP,24,120000000,,68,,L,L,,,,,,,144,4,3.9714285714285715,10.357142857142858,3.057142857142857,23,25,overhand
2026,roster,삼성,first,95656a32-a206-4cc0-abd8-c36395cff20a,최원태,SP,29,1600000000,84,67,,R,R,,,,,,,140,4.15,4.1,9.875,3.175,23,25,overhand
2026,roster,삼성,first,b7587b6e-681c-4bf7-a3a8-29e1bb0a18e2,최충헌,SP,24,220000000,82,73,,,,,,,,,,136,4.3,4.228571428571429,9.392857142857142,3.2928571428571427,22,25,threeQuarter
2026,roster,삼성,first,dd5ffd93-3a7c-4bf5-96af-6fdfbd8ed2da,이재익,RP,32,62000000,,57,,L,L,,,,,,,51,3.95,3.928571428571429,10.517857142857142,3.017857142857143,0,42,overhand
2026,roster,삼성,first,da9c1ce4-f08f-4253-af55-8b5926606e62,김재윤,RP,36,800000000,,56,,R,R,,,,,,,50,4.050000000000001,4.014285714285714,10.196428571428571,3.0964285714285715,0,42,overhand
2026,roster,삼성,first,108e6349-0240-488c-8847-14de32a2f721,오승환,RP,44,800000000,,56,,R,R,,,,,,,50,4.1000000000000005,4.057142857142857,10.035714285714285,3.1357142857142857,0,41,overhand
2026,roster,삼성,first,9f03d326-3e58-4468-ba9c-c0ad8517ac93,이호성,RP,22,100000000,,54,,R,R,,,,,,,48,4.25,4.185714285714286,9.553571428571429,3.2535714285714286,0,40,overhand
2026,roster,삼성,first,f597db0d-537e-429d-b8c8-1718f6176790,김대호,RP,25,37000000,,54,,R,R,,,,,,,47,4.3500000000000005,4.271428571428571,9.232142857142858,3.3321428571428573,0,40,threeQuarter
2026,roster,삼성,first,d14dc176-c963-4ec0-ad94-17bcc2230063,박세웅,RP,30,36000000,,54,,L,L,,,,,,,47,4.4,4.314285714285714,9.071428571428571,3.3714285714285714,0,40,overhand
2026,roster,삼성,first,97b11571-0b6d-426b-a272-de9d59af7ff6,윤대경,RP,32,70000000,,53,,R,R,,,,,,,46,4.5,4.4,8.75,3.45,0,39,threeQuarter
2026,roster,삼성,first,f0f6e16b-844d-4b63-bda4-c78d194f85ba,정현우,RP,24,120000000,76,68,,,,,,,,,,45,4.55,4.442857142857143,8.589285714285715,3.4892857142857143,0,39,overhand
2026,roster,삼성,farm,96ee7e97-0bfc-4f1d-bf4b-afb3ab383399,박진,SS,21,,82,60,,,,380,0.32607142857142857,0.12428571428571429,0.07625000000000001,0.21107142857142858,12,,,,,,,,
2026,roster,삼성,farm,580dc5a2-73ee-4eaa-924e-84a2fd01f11d,이준,CF,20,,80,57,,,,380,0.31642857142857145,0.11571428571428571,0.07250000000000001,0.21642857142857144,10,,,,,,,,
2026,roster,삼성,farm,e19b43ba-5a54-47f4-a221-03a1909d9356,김민준,SP,21,,84,58,,,,,,,,,,114,5.05,4.871428571428572,6.982142857142857,3.882142857142857,19,22,sidearm
2026,roster,삼성,farm,52ac58a3-07b7-454a-be99-91db3fc91ffb,최우진,C,22,,74,55,,,,380,0.31,0.11,0.07,0.22,2,,,,,,,,
2026,roster,삼성,farm,7a8a621a-5f5a-420d-b598-a6cebf3f6621,박서준,SP,20,,81,54,,,,,,,,,,109,5.25,5.042857142857143,6.339285714285714,4.039285714285715,18,22,threeQuarter
2026,roster,삼성,farm,1f68d3fd-e559-4d3a-bc06-3ad40526fced,한동민,3B,21,,76,53,,,,380,0.30357142857142855,0.10428571428571429,0.0675,0.22357142857142856,1,,,,,,,,
2026,roster,삼성,farm,8329fffd-4226-4db0-8b60-faf706daa3fd,이태민,RP,22,,73,52,,,,,,,,,,36,5.3500000000000005,5.128571428571428,6.017857142857143,4.117857142857143,0,34,threeQuarter
2026,roster,삼성,farm,844a72c5-cc06-4471-8f75-2f567a2cc2b2,김우진,RF,20,,75,51,,,,380,0.29714285714285715,0.09857142857142857,0.065,0.22714285714285715,1,,,,,,,,
2026,roster,삼성,farm,95c52e05-a2d9-4857-9663-afb8913a371e,정민호,RP,19,,72,50,,,,,,,,,,35,5.45,5.214285714285714,5.696428571428571,4.196428571428571,0,34,overhand
2026,roster,삼성,farm,bba0faf9-85b5-4080-b8d7-0ca7601646c5,오준혁,2B,21,,74,49,,,,380,0.2907142857142857,0.09285714285714286,0.0625,0.2307142857142857,3,,,,,,,,
2026,roster,삼성,farm,8bdc263d-001a-439b-8b7b-677ab344d0ee,강태우,SP,20,,77,48,,,,,,,,,,100,5.55,5.3,5.375,4.275,17,21,threeQuarter
2026,roster,삼성,farm,c9ac9dab-dd69-4620-98e3-d6c6dba82610,신재민,LF,19,,73,47,,,,380,0.2842857142857143,0.08714285714285715,0.060000000000000005,0.2342857142857143,0,,,,,,,,
2026,roster,삼성,farm,a6e9d06d-c8d6-4368-ac7b-a444909b4752,윤성민,RP,21,,70,46,,,,,,,,,,33,5.65,5.385714285714286,5.053571428571429,4.353571428571429,0,32,overhand
2026,roster,삼성,farm,973133d3-ea2e-4d11-9a43-9549d4b197d9,장우석,1B,20,,71,45,,,,380,0.27785714285714286,0.08142857142857143,0.05750000000000001,0.23785714285714285,0,,,,,,,,
2026,roster,삼성,farm,44708a70-ca44-4c0c-a6b1-86a24519591d,배재민,DH,22,,77,58,,,,380,0.3196428571428571,0.11857142857142858,0.07375000000000001,0.21464285714285714,3,,,,,,,,
2026,roster,삼성,farm,2b95e736-784b-452a-8143-ca3c7aa8c3de,송민호,SS,19,,81,56,,,,380,0.3132142857142857,0.11285714285714286,0.07125000000000001,0.21821428571428572,9,,,,,,,,
2026,roster,삼성,farm,f37b48dd-bdfe-44be-a3ec-370ba8e56ba1,임태양,CF,20,,78,55,,,,380,0.31,0.11,0.07,0.22,8,,,,,,,,
2026,roster,삼성,farm,daa71ed5-115e-4d3b-adfb-fb4217e0eb32,황준서,C,21,,73,54,,,,380,0.3067857142857143,0.10714285714285714,0.06875,0.22178571428571428,2,,,,,,,,
2026,roster,삼성,farm,1acc0457-2666-46f4-b404-ee5c7ab1f2a1,민재훈,3B,20,,75,53,,,,380,0.30357142857142855,0.10428571428571429,0.0675,0.22357142857142856,1,,,,,,,,
2026,roster,삼성,farm,def762c5-826c-40b2-80f4-03d04fa244ad,표우진,RF,19,,76,52,,,,380,0.3003571428571429,0.10142857142857142,0.06625,0.22535714285714287,1,,,,,,,,
2026,roster,삼성,farm,c732131c-6e4b-4e50-9f24-70881b42a3e7,고승민,2B,22,,72,51,,,,380,0.29714285714285715,0.09857142857142857,0.065,0.22714285714285715,5,,,,,,,,
2026,roster,삼성,farm,4890e105-b2ab-4222-b221-1f51d25e7457,나민재,SP,21,,80,57,,,,,,,,,,113,5.1000000000000005,4.914285714285715,6.821428571428571,3.9214285714285713,18,22,overhand
2026,roster,삼성,farm,03b0b353-5f99-43fd-92b3-ac2ab780d4d2,유동현,SP,20,,79,54,,,,,,,,,,109,5.25,5.042857142857143,6.339285714285714,4.039285714285715,18,22,sidearm
2026,roster,삼성,farm,637caaa1-1066-4c22-9ad7-4f1ad4a7ad9a,차재민,RP,19,,71,50,,,,,,,,,,35,5.45,5.214285714285714,5.696428571428571,4.196428571428571,0,34,underhand
2026,roster,삼성,farm,7c7657f7-c841-4f75-852c-56871e45a135,허태민,RP,22,,70,49,,,,,,,,,,35,5.5,5.257142857142857,5.535714285714286,4.235714285714286,0,33,overhand
2026,roster,삼성,farm,84f44362-4450-4a04-88c3-88122e73f61a,신성우,LF,18,,77,48,,,,380,0.2875,0.09,0.061250000000000006,0.2325,0,,,,,,,,
2026,roster,삼성,farm,8df1b4a1-9b85-4f7c-b798-6d3b0c7e37ca,조우성,RP,21,,69,47,,,,,,,,,,34,5.6000000000000005,5.3428571428571425,5.214285714285714,4.314285714285714,0,33,overhand
2026,roster,삼성,farm,ee32f8d5-77ce-41dc-9d71-3920fabb255c,강민성,RP,20,,68,46,,,,,,,,,,33,5.65,5.385714285714286,5.053571428571429,4.353571428571429,0,32,threeQuarter
2026,draft,KIA,farm,8e234a63-c258-4359-b947-be26e57d75f0,김도윤,SS,19,,88,72,,,,520,0.36464285714285716,0.15857142857142859,0.09125000000000001,0.18964285714285714,21,,,,,,,,
2026,draft,KIA,farm,442404fc-4067-44fb-8ad8-bdba2663ea1d,이준서,SP,20,,86,70,,,,,,,,,,131,4.45,4.357142857142858,8.910714285714285,3.4107142857142856,21,24,threeQuarter
2026,draft,KIA,farm,cfd182cb-6f3f-4046-b972-5e22b986e980,박민준,CF,19,,84,68,,,,380,0.35178571428571426,0.14714285714285713,0.08625000000000001,0.19678571428571429,18,,,,,,,,
2026,draft,KIA,farm,25745272-41b6-4ba1-bd19-1b9e2770361d,최태양,RP,21,,82,67,,,,,,,,,,44,4.6000000000000005,4.485714285714286,8.428571428571429,3.5285714285714285,0,38,sidearm
2026,draft,KIA,farm,10dbcc0f-644f-4cb6-937a-891074a9ea88,한지우,C,20,,83,66,,,,380,0.34535714285714286,0.14142857142857143,0.08375,0.20035714285714284,6,,,,,,,,
2026,draft,KIA,farm,5d919dc8-653d-4a59-bf04-5bc635d756f5,정우진,3B,19,,81,65,,,,380,0.34214285714285714,0.13857142857142857,0.0825,0.20214285714285715,6,,,,,,,,
2026,draft,KIA,farm,781529ea-653b-47d5-9257-7cbb5c9299ae,윤서준,2B,20,,80,64,,,,380,0.3389285714285714,0.13571428571428573,0.08125,0.20392857142857143,15,,,,,,,,
2026,draft,KIA,farm,de18d1c4-b229-43a1-9dca-502b5f2f9aed,오민재,LF,19,,79,63,,,,380,0.3357142857142857,0.13285714285714287,0.08,0.2057142857142857,5,,,,,,,,
2026,draft,KIA,farm,d7b7724b-c452-4add-a42f-6d912977b5e8,김태민,SP,21,,85,68,,,,,,,,,,129,4.55,4.442857142857143,8.589285714285715,3.4892857142857143,21,24,overhand
2026,draft,KIA,farm,d87a79b0-c08d-4328-8ba2-e8bf00919577,장현우,RF,20,,78,62,,,,380,0.3325,0.13,0.07875000000000001,0.2075,5,,,,,,,,
2026,draft,KIA,farm,eb12776e-8369-4771-b1f7-73a252cea531,신동혁,SP,19,,84,66,,,,,,,,,,126,4.65,4.5285714285714285,8.267857142857142,3.567857142857143,20,24,threeQuarter
2026,draft,KIA,farm,1f91e4b6-8572-45ec-9919-aa1ac95d4bc3,박재훈,RP,20,,77,61,,,,,,,,,,41,4.9,4.742857142857143,7.464285714285714,3.7642857142857142,0,37,threeQuarter
2026,draft,KIA,farm,e8f8bb63-3e3b-46ac-bba9-99b1100b6c4f,이하늘,SS,18,,82,60,,,,380,0.32607142857142857,0.12428571428571429,0.07625000000000001,0.21107142857142858,12,,,,,,,,
2026,draft,KIA,farm,f1b8d0e5-0f43-4e6d-b78d-af05b574552f,김민성,1B,21,,80,64,,,,380,0.3389285714285714,0.13571428571428573,0.08125,0.20392857142857143,5,,,,,,,,
2026,draft,KIA,farm,b00a0dea-53d2-428e-835b-d77fdc7ec3c8,조영민,CF,19,,81,63,,,,380,0.3357142857142857,0.13285714285714287,0.08,0.2057142857142857,14,,,,,,,,
2026,draft,KIA,farm,2828caf1-608d-4ddf-a2e5-c24514125dcb,홍길동,DH,20,,76,59,,,,380,0.32285714285714284,0.12142857142857143,0.07500000000000001,0.21285714285714286,3,,,,,,,,
2026,draft,KIA,farm,1ca4f82e-a4bf-47d8-9a39-a87caec9dcfb,서진우,SP,20,,83,65,,,,,,,,,,124,4.7,4.571428571428571,8.107142857142858,3.607142857142857,20,23,underhand
2026,draft,KIA,farm,e50d5869-1778-4fbf-aca3-3b67240173c4,강민호,RP,19,,75,58,,,,,,,,,,40,5.05,4.871428571428572,6.982142857142857,3.882142857142857,0,36,threeQuarter
2026,draft,KIA,farm,6d45f74b-adb5-477a-9d50-64be608912ac,노승우,3B,18,,78,57,,,,380,0.31642857142857145,0.11571428571428571,0.07250000000000001,0.21642857142857144,3,,,,,,,,
2026,draft,KIA,farm,819bc286-ccf2-41cc-9e7b-ce1bb4a7eb94,임채원,C,20,,74,56,,,,380,0.3132142857142857,0.11285714285714286,0.07125000000000001,0.21821428571428572,2,,,,,,,,
2026,fa,KIA,first,9173638d-920e-4d13-bcd8-582f532137d3,마르티네스,1B,32,,,78,,,,520,0.3839285714285714,0.1757142857142857,0.09875,0.17892857142857144,10,,,,,,,,
2026,fa,KIA,first,6984f479-48d8-4ed8-9996-66d62cbba429,존슨,CF,30,,,76,,,,520,0.3775,0.16999999999999998,0.09625,0.1825,25,,,,,,,,
2026,fa,KIA,first,5637e1b3-6f83-4485-912e-260985ee68cf,가르시아,SP,31,,,77,,,,,,,,,,141,4.1000000000000005,4.057142857142857,10.035714285714285,3.1357142857142857,23,25,overhand
2026,fa,KIA,first,5b9b4618-50b6-47a9-8800-73b86ec14381,윌슨,RP,29,,,74,,,,,,,,,,48,4.25,4.185714285714286,9.553571428571429,3.2535714285714286,0,40,overhand
2026,fa,KIA,first,d79a8939-1f5b-4833-a339-566465891615,김해외,SS,28,,,72,,,,520,0.36464285714285716,0.15857142857142859,0.09125000000000001,0.18964285714285714,21,,,,,,,,
2026,fa,KIA,first,be32f874-d99b-400d-89d8-1dff2fdad8d3,박독립,3B,33,,,71,,,,520,0.36142857142857143,0.15571428571428572,0.09000000000000001,0.19142857142857142,8,,,,,,,,
2026,fa,KIA,first,3d530963-8602-4628-b54e-0fddbf2dce24,이FA,LF,31,,,70,,,,520,0.3582142857142857,0.15285714285714286,0.08875000000000001,0.19321428571428573,7,,,,,,,,
2026,fa,KIA,first,67a11526-4427-49df-b156-73cc696cee3d,최영입,C,30,,,69,,,,380,0.355,0.15,0.08750000000000001,0.195,7,,,,,,,,
2026,fa,KIA,first,fc8e77c6-291d-445e-b2c2-b7538acc9292,정볼펜,RP,32,,,73,,,,,,,,,,48,4.3,4.228571428571429,9.392857142857142,3.2928571428571427,0,40,overhand
2026,fa,KIA,first,c3e00359-11e7-450c-b929-38f9876aaa35,한재계약,2B,29,,,68,,,,380,0.35178571428571426,0.14714285714285713,0.08625000000000001,0.19678571428571429,18,,,,,,,,
